object_id,image_id,word,label,score,selected,gen_pos,near_gen_pos_match,near_match_start,caption_anywhere_match,anywhere_match_start,matched_token_len,matched_tokens,matched_text
45,7320,chair,1,-0.020468269586563115,0,40,0,,1,45,1,11774,chair
96,14635,person,0,-0.046125193238258366,0,11,0,,1,21,1,6114,woman
98,14635,chair,0,-0.20555297017097474,0,22,0,,1,109,1,11774,chair
107,14635,potted plant,1,0.08882462128996849,1,138,1,139,1,139,3,282 15048 8024,potted plant
112,15345,bowl,1,0.04894915491342544,1,51,1,52,1,52,2,12580 29880,bowl
170,26363,chair,0,-0.07674761772155761,0,49,0,,0,,0,,
207,30895,tv,1,0.07252075046300888,1,115,1,116,1,116,1,11456,television
210,31043,dining table,0,0.05435969233512877,1,60,1,59,1,59,3,270 2827 1591,dining table
212,31043,potted plant,1,0.0738450725376606,1,106,1,107,1,107,3,282 15048 8024,potted plant
213,31043,vase,1,0.08754232048988342,1,115,1,116,1,116,2,325 559,vase
215,31043,clock,1,0.0681164813041687,1,153,1,154,1,154,1,12006,clock
216,31043,book,1,0.07588038116693496,1,162,1,163,1,163,1,3143,book
230,33835,tv,0,-0.19182554364204407,0,51,0,,0,,0,,
246,34445,potted plant,0,0.054699743986129756,1,152,1,153,1,153,3,282 15048 8024,potted plant
259,35738,tv,0,-0.5974528908729553,0,54,0,,0,,0,,
260,35738,couch,1,0.0954392597824335,1,62,1,63,1,63,2,274 3222,couch
266,36962,dining table,1,0.1073231491073966,1,18,1,19,1,19,1,1591,table
278,38449,tie,1,0.09336314246058464,1,94,1,95,1,95,1,22134,tie
287,40602,person,0,-0.027930786013603215,0,3,0,,1,32,1,6114,woman
313,43670,sports ball,1,0.05923750147223472,1,48,1,49,1,49,1,8287,ball
320,43961,chair,0,0.05225162476301193,1,86,1,87,1,87,2,521 7121,chairs
323,44294,microwave,1,0.06507460296154022,1,34,1,35,1,35,3,20710 798 1351,microwave
328,44294,vase,1,0.04511609226465224,1,91,1,92,1,92,2,325 559,vase
343,46433,vase,1,0.05859677389264106,1,92,1,93,1,93,2,325 559,vase
345,47204,stop sign,1,0.054003174304962154,1,61,1,62,1,62,2,5040 1804,stop sign
348,47524,sink,1,0.1054473415762186,1,53,1,54,1,54,1,28169,sink
354,48281,dining table,1,0.08544698998332023,1,40,1,41,1,41,1,1591,table
358,48281,tv,1,0.06965609163045883,1,95,1,96,1,96,1,11456,television
401,54133,microwave,1,0.0728493694961071,1,36,1,37,1,37,3,20710 798 1351,microwave
402,54133,toaster,1,0.044173504114151,1,40,1,41,1,41,2,304 1901,toaster
404,54133,dining table,0,0.06322944462299346,1,52,1,51,1,51,3,270 2827 1591,dining table
406,54133,person,1,0.09116009518504142,1,67,1,68,1,68,1,2022,person
428,57238,cup,1,0.11095444288104772,1,95,1,96,1,96,1,18002,cup
429,57238,bowl,1,0.10680572398006916,1,106,1,107,1,107,2,12580 29880,bowl
430,57238,sink,1,0.08363066136837005,1,123,1,124,1,124,1,28169,sink
437,58816,tv,1,-0.06110783576965332,0,46,0,,0,,0,,
459,63521,chair,1,0.054422113001346584,1,110,1,111,1,111,1,11774,chair
460,63521,clock,1,0.108461684435606,1,118,1,119,1,119,1,12006,clock
463,64523,person,0,-0.09928918540477752,0,5,0,,0,,0,,
482,67463,truck,0,-0.4078444290161133,0,7,0,,1,26,2,534 2707,truck
485,67953,person,0,-0.24916674852371215,0,3,0,,0,,0,,
501,72000,person,0,-0.08856057107448578,0,6,0,,1,71,1,2022,person
542,76138,dining table,1,0.05343802541494369,1,51,1,50,1,50,3,270 2827 1591,dining table
553,78823,bicycle,1,0.05604049086570739,1,97,1,98,1,98,3,289 4245 2841,bicycle
592,84968,handbag,1,0.09031754069030284,1,123,1,124,1,124,2,1361 23156,handbag
622,89355,person,0,-0.17186520159244537,0,3,0,,1,49,1,6114,woman
676,96832,dining table,0,0.07857347391545771,1,7,1,8,1,8,2,553 29895,desk
698,99567,car,1,0.07888727530837059,1,101,1,102,1,102,1,1559,car
705,100711,tv,0,-0.5608798909187317,0,15,0,,0,,0,,
716,101031,handbag,1,0.08998577937483787,1,50,1,51,1,51,3,1361 29890 810,handbags
739,104625,tv,0,-0.689156596660614,0,7,0,,1,21,1,11456,television
756,106793,tv,1,-0.08620302855968476,0,74,0,,0,,0,,
764,108193,cup,1,0.05480191379785537,1,92,1,93,1,93,1,18002,cup
765,108193,person,1,0.04148966342210769,1,119,1,120,1,120,1,2305,people
777,109937,banana,1,0.05184231966733932,1,72,1,73,1,73,2,9892 16397,bananas
794,112751,person,0,-0.16520885288715362,0,3,0,,1,45,1,6114,woman
840,120745,couch,1,0.05109289586544036,1,29,1,30,1,30,2,274 3222,couch
861,122745,car,1,0.10433232121169567,1,63,1,64,1,64,1,18647,cars
866,123321,dining table,0,0.04488247156143188,1,89,1,88,1,88,3,270 2827 1591,dining table
918,130043,person,0,-0.105788391828537,0,3,0,,1,87,1,6114,woman
920,130043,chair,1,0.06446521252393722,1,69,1,70,1,70,1,11774,chair
925,130645,handbag,1,0.10288040794432163,1,85,1,86,1,86,2,1361 23156,handbag
928,131203,chair,1,0.10482072539627552,1,60,1,61,1,61,1,11774,chair
976,138553,sports ball,1,0.08326052397489547,1,48,1,49,1,49,1,8287,ball
980,139072,sports ball,1,0.06546569138765335,1,53,1,54,1,54,1,8287,ball
985,139530,clock,1,0.048557209670543666,1,111,1,112,1,112,1,12006,clock
1009,143333,sports ball,1,0.07360335707664489,1,42,1,43,1,43,1,8287,ball
1045,150091,car,1,0.10658009432256221,1,55,1,56,1,56,1,18647,cars
1050,151387,dining table,0,0.0780843485891819,1,14,1,15,1,15,1,1591,table
1063,152245,tv,0,-0.5259494400024414,0,87,0,,0,,0,,
1067,153055,cup,1,0.09558175399899482,1,74,1,75,1,75,2,2723 567,cups
1068,153055,wine glass,1,0.0811721895635128,1,78,1,79,1,79,2,19006 12917,wine glass
1075,154213,dining table,0,0.07023208484053611,1,30,1,31,1,31,1,1591,table
1102,157102,dining table,0,0.04318622022867202,1,17,1,16,1,16,3,270 2827 1591,dining table
1107,157102,tv,0,-0.5767446804046631,0,81,0,,0,,0,,
1120,158957,kite,1,0.08751704439520835,1,68,1,69,1,69,2,413 3246,kites
1131,160580,handbag,1,0.042200227454304684,1,106,1,107,1,107,3,1361 29890 810,handbags
1160,165298,person,1,0.04539502680301666,1,65,1,66,1,66,1,2305,people
1167,167166,truck,0,-0.4718202567100525,0,9,0,,1,21,2,534 2707,truck
1201,171310,dining table,0,0.07719572156667709,1,11,1,12,1,12,1,1591,table
1216,174123,broccoli,1,0.08619151160120964,1,73,1,74,1,74,3,2545 617 5079,broccoli
1217,174123,chair,1,0.0222512436658144,0,105,0,,0,,0,,
1223,175382,tie,1,0.05017636984586715,1,54,1,55,1,55,2,260 583,ties
1238,178980,dining table,0,0.054020316526293743,1,4,1,5,1,5,2,553 29895,desk
1254,180925,person,1,0.06894646853208541,1,16,1,17,1,17,1,2022,person
1255,180925,chair,0,-0.15205667078495025,0,41,0,,1,50,1,11774,chair
1257,180925,boat,1,0.0788659144937992,1,88,1,89,1,89,1,13006,boat
1265,182175,bottle,1,0.0787304539233446,1,105,1,106,1,106,2,18046 280,bottle
1275,183332,book,1,0.09760544344782829,1,57,1,58,1,58,1,8277,books
1299,186182,sink,1,0.08928001008927822,1,87,1,88,1,88,1,28169,sink
1312,188544,bowl,1,0.06605718180537223,1,93,1,94,1,94,2,12580 29880,bowl
1322,189376,tv,1,-0.1518208134174347,0,111,0,,0,,0,,
1330,190156,dining table,0,0.05281946331262588,1,10,1,11,1,11,2,553 29895,desk
1362,195045,bird,1,0.09052988037467002,1,93,1,94,1,94,1,17952,birds
1400,202225,tv,0,-0.5743556070327759,0,10,0,,0,,0,,
1435,207400,bottle,1,0.07316287875175476,1,107,1,108,1,108,2,18046 280,bottle
1447,208623,couch,1,0.05650104850530624,1,103,1,104,1,104,2,274 3222,couch
1454,209322,bottle,1,0.053421925008296955,1,84,1,85,1,85,2,18046 793,bottles
1493,214698,person,1,0.0985935878753662,1,118,1,119,1,119,1,18563,drivers
1522,219075,chair,1,0.06696388766169548,1,104,1,105,1,105,1,11774,chair
1523,219269,dining table,0,0.08247332014143466,1,11,1,12,1,12,2,553 29895,desk
1527,219269,cell phone,1,0.07025768876075744,1,36,1,37,1,37,2,3038 9008,cell phone
1530,219269,bottle,1,0.04451530724763869,1,95,1,96,1,96,2,18046 280,bottle
1531,219269,book,1,0.06143876805901527,1,113,1,114,1,114,1,3143,book
1539,220732,traffic light,1,0.04747347056865692,1,87,1,88,1,88,2,12469 3578,traffic light
1544,221390,tv,1,0.026590774655342098,0,48,0,,0,,0,,
1631,234697,car,1,0.09725449129939079,1,53,1,54,1,54,1,18647,cars
1635,235597,dining table,0,0.06933464035391806,1,62,1,63,1,63,2,553 2039,desks
1638,235597,mouse,0,-0.4048978137969971,0,118,0,,0,,0,,
1653,237357,chair,1,0.06524389505386352,1,84,1,85,1,85,1,11774,chair
1666,239455,tie,0,0.035273885782808066,0,55,0,,0,,0,,
1693,242301,tv,1,-0.08204318493604659,0,74,0,,0,,0,,
1713,245898,person,0,-0.144209406375885,0,3,0,,1,16,1,6114,woman
1726,246717,handbag,1,0.11035532306879758,1,68,1,69,1,69,3,1361 29890 810,handbags
1727,246717,person,1,0.09800018824636936,1,86,1,87,1,87,1,2305,people
1736,248400,bottle,1,0.0878390584886074,1,100,1,101,1,101,2,18046 280,bottle
1744,249131,tv,0,-0.36374351859092713,0,71,0,,0,,0,,
1771,253408,person,0,0.008278737664222713,0,3,0,,0,,0,,
1813,258996,chair,1,0.04911761254072189,1,107,1,108,1,108,2,521 7121,chairs
1814,258996,tv,0,-0.2063903856277466,0,130,0,,0,,0,,
1832,262093,wine glass,1,0.06431270658969879,1,60,1,61,1,61,2,19006 12917,wine glass
1833,262093,book,1,0.0679547956213355,1,90,1,91,1,91,1,8277,books
1869,265777,knife,1,0.07184935629367828,1,73,1,74,1,74,2,889 1607,knife
1870,265777,spoon,1,0.0607116025686264,1,77,1,78,1,78,2,805 6150,spoon
1871,265777,chair,1,0.016865598857402797,0,84,0,,1,89,1,11774,chair
1877,266611,car,1,0.10200125247240066,1,68,1,69,1,69,1,18647,cars
1888,269098,chair,0,0.0575317245721817,1,52,0,,1,122,1,11774,chair
1898,270354,car,1,0.07517705008387565,1,72,1,73,1,73,1,1559,car
1901,270815,sports ball,0,0.04850817739963531,1,41,1,42,1,42,1,8287,ball
1908,272673,toothbrush,1,0.05930038437247276,1,125,1,126,1,126,4,304 720 1182 1878,toothbrush
1913,273083,chair,1,0.055884528160095204,1,81,1,82,1,82,1,11774,chair
1934,275374,chair,1,-0.0744308650493622,0,116,0,,0,,0,,
1950,277674,cup,1,0.09341938875615596,1,115,1,116,1,116,1,18002,cup
1960,279391,chair,1,0.060994627773761745,1,80,1,81,1,81,1,11774,chair
1964,279391,tv,1,0.06171017408370971,1,167,0,,0,,0,,
1983,281625,car,1,0.04592255987226962,1,135,1,136,1,136,1,1559,car
2015,286553,wine glass,1,0.08136936545372009,1,88,1,89,1,89,2,19006 12917,wine glass
2051,291380,potted plant,1,0.05199069052934646,1,47,1,48,1,48,3,282 15048 18577,potted plants
2060,292232,bed,1,0.07431374013423919,1,17,1,18,1,18,1,6592,bed
2067,292741,potted plant,1,0.06393088296055793,1,86,1,87,1,87,3,282 15048 8024,potted plant
2103,300034,bottle,1,0.056082966625690456,1,117,1,118,1,118,2,18046 793,bottles
2137,306415,tv,0,-0.2914253091812134,0,72,0,,0,,0,,
2158,307614,clock,1,0.07751995965838432,1,53,1,54,1,54,1,12006,clock
2160,307614,potted plant,0,0.09191973403096199,1,105,1,106,1,106,3,282 15048 8024,potted plant
2176,310035,potted plant,1,0.07682395622134208,1,67,1,68,1,68,3,282 15048 18577,potted plants
2186,310862,chair,1,0.08228405088186264,1,62,1,63,1,63,2,521 7121,chairs
2188,310862,tv,1,-0.35991757273674013,0,81,0,,0,,0,,
2189,310862,keyboard,1,0.08815064549446106,1,108,1,109,1,109,2,1820 24691,keyboards
2207,313562,dining table,0,0.1004086647927761,1,9,1,10,1,10,1,1591,table
2266,321811,bottle,1,0.08398209407925605,1,130,1,131,1,131,2,18046 793,bottles
2282,325587,dining table,1,0.07789001509547233,1,82,1,81,1,81,3,270 2827 1591,dining table
2338,333772,dining table,1,0.08480399742722511,1,4,1,5,1,5,2,553 29895,desk
2379,339344,person,0,0.08537338942289352,1,57,1,58,1,58,1,2305,people
2389,340327,bowl,1,0.04591318488121032,1,121,1,122,1,122,2,12580 29880,bowl
2464,354369,laptop,1,0.08277401223778724,1,62,1,63,1,63,2,451 19273,notebook
2479,356494,airplane,0,0.10423888906836509,1,14,1,15,1,15,1,22588,jet
2483,356632,tv,1,0.03444085538387298,0,42,0,,0,,0,,
2490,356800,bench,1,0.056636768281459804,1,72,1,73,1,73,2,3856 305,bench
2526,360951,mouse,0,-0.4979518699645996,0,79,0,,0,,0,,
2543,362327,chair,1,0.04933270335197448,1,47,1,48,1,48,1,11774,chair
2551,363594,dining table,1,0.05687596946954726,1,78,1,77,1,77,3,270 2827 1591,dining table
2553,363594,potted plant,1,0.06100309163331985,1,95,1,96,1,96,3,282 15048 8024,potted plant
2559,364580,clock,1,0.08071645617485046,1,95,1,96,1,96,1,12006,clock
2580,367569,dining table,0,0.08848838403820991,1,74,1,73,1,73,3,270 2827 1591,dining table
2598,369082,sink,1,0.07085426419973373,1,37,1,38,1,38,1,28169,sink
2603,369082,dining table,1,0.08687662258744239,1,90,1,89,1,89,3,270 2827 1591,dining table
2604,369082,chair,1,0.08830129280686377,1,93,1,94,1,94,1,11774,chair
2605,369082,potted plant,1,0.08282517567276954,1,102,1,103,1,103,3,282 15048 8024,potted plant
2610,369601,dining table,1,0.0808699306845665,1,13,1,14,1,14,1,1591,table
2620,370478,remote,1,0.04370378971099853,1,98,1,99,1,99,1,7592,remote
2633,371890,person,1,0.06061591103672981,1,90,1,91,1,91,1,2022,person
2691,381870,handbag,1,0.04114760726690292,1,126,1,127,1,127,2,1361 23156,handbag
2696,383026,person,1,0.07187927410006523,1,58,1,59,1,59,1,2305,people
2699,383611,chair,0,-0.09651004433631896,0,48,0,,1,53,1,22091,seats
2700,383611,handbag,1,0.0677459006011486,1,59,1,60,1,60,3,1361 29890 810,handbags
2707,384625,potted plant,1,0.06517163559794426,1,80,1,81,1,81,3,282 15048 18577,potted plants
2720,386525,person,1,0.07236832305788993,1,99,1,100,1,100,1,2022,person
2768,392915,spoon,1,0.046863290369510646,1,140,1,141,1,141,2,805 6150,spoon
2853,408789,couch,1,0.05286941200494766,1,7,1,8,1,8,2,274 3222,couch
2859,409116,person,0,0.04795291945338248,1,51,1,52,1,52,1,16500,patient
2863,409331,tv,1,-0.02069697976112367,0,65,0,,0,,0,,
2871,410101,clock,1,0.065004800632596,1,110,1,111,1,111,1,12006,clock
2894,413287,car,1,0.057743220478296275,1,66,1,67,1,67,1,18647,cars
2933,420422,truck,1,0.06192098826169967,1,64,1,65,1,65,2,534 2707,truck
2934,420422,bicycle,1,0.05397598713636398,1,68,1,69,1,69,3,289 4245 2841,bicycle
2975,426700,potted plant,1,0.060238949209451664,1,114,1,115,1,115,3,282 15048 8024,potted plant
2995,429690,chair,1,-0.047275996804237365,0,112,0,,0,,0,,
3057,437947,spoon,1,0.0662222121655941,1,89,1,90,1,90,2,805 6150,spoon
3058,437947,bottle,0,0.06142619892954826,1,96,1,97,1,97,2,18046 793,bottles
3069,440514,handbag,1,0.08634860709309577,1,80,1,81,1,81,3,1361 29890 810,handbags
3071,440964,dining table,0,0.08912034414708614,1,4,1,5,1,5,2,553 29895,desk
3078,441292,truck,0,-0.42456359148025513,0,6,0,,1,23,2,534 2707,truck
3099,444682,dining table,0,0.09407673858106136,1,6,1,7,1,7,2,553 29895,desk
3121,446574,sink,1,0.06042568281292915,1,92,1,93,1,93,1,28169,sink
3130,447546,cup,1,0.041257958114147175,1,100,1,101,1,101,2,2723 567,cups
3149,449661,tv,0,-0.2969373881816864,0,80,0,,1,89,1,11819,monitor
3150,449661,laptop,1,0.06129665940999984,1,87,1,88,1,88,1,6601,computer
3177,452027,bird,1,0.06463317468762397,1,87,1,88,1,88,1,17952,birds
3249,461655,dining table,0,0.07750833302736282,1,23,1,22,1,22,3,270 2827 1591,dining table
3250,461655,chair,1,0.10113643936812877,1,51,1,52,1,52,2,521 7121,chairs
3253,461655,book,1,0.04291895300149917,1,115,1,116,1,116,1,3143,book
3265,463360,dining table,0,0.09167486511170864,1,6,1,7,1,7,2,553 29895,desk
3269,463360,tv,0,-0.2436050820350647,0,124,0,,0,,0,,
3279,463783,car,1,0.050121235549449916,1,66,1,67,1,67,1,1559,car
3290,465184,clock,1,0.0879914154112339,1,119,1,120,1,120,1,12006,clock
3308,467031,chair,1,0.028393123261630536,0,83,0,,0,,0,,
3311,467988,dining table,0,0.104109066426754,1,4,1,5,1,5,2,553 29895,desk
3317,467988,cell phone,0,0.09597819939255714,1,109,1,110,1,110,2,3038 9008,cell phone
3336,469896,chair,1,0.08692140400409698,1,63,1,64,1,64,1,11774,chair
3337,469896,vase,1,0.09649087570607662,1,85,1,86,1,86,2,325 559,vase
3350,472030,person,1,0.0981422633677721,1,120,1,121,1,121,1,2022,person
3418,486573,potted plant,1,0.055015022754669185,1,75,1,76,1,76,3,282 15048 8024,potted plant
3460,491470,car,1,0.059791027456521983,1,63,1,64,1,64,1,18647,cars
3546,504902,person,1,0.07364974066615104,1,107,1,108,1,108,1,2022,person
3554,505818,tv,0,-0.1911020028591156,0,66,0,,0,,0,,
3574,508115,bowl,1,0.04217054992914199,1,94,1,95,1,95,2,12580 29880,bowl
3585,509807,pizza,1,0.08095780655741691,1,30,1,31,1,31,2,282 24990,pizza
3602,513181,bird,1,0.07082345977425575,1,87,1,88,1,88,1,17952,birds
3605,514254,tv,1,0.08946370601654052,1,62,0,,0,,0,,
3631,517973,truck,1,0.09971162386238575,1,80,1,81,1,81,2,534 2707,truck
3637,519815,bottle,0,0.04991108447313308,1,93,1,94,1,94,2,18046 793,bottles
3654,523565,dining table,0,0.09793987952172756,1,27,1,28,1,28,1,1591,table
3674,526342,person,1,0.044397684931755055,1,118,1,119,1,119,1,2305,people
3683,527535,banana,0,0.0588030469417572,1,21,1,22,1,22,2,9892 16397,bananas
3714,530836,bottle,0,0.06780934229493141,1,73,1,74,1,74,2,18046 793,bottles
3723,531349,car,1,0.09779612056910991,1,88,1,89,1,89,1,1559,car
3725,531697,dining table,0,0.07777522616088389,1,3,1,4,1,4,2,553 29895,desk
3731,531697,potted plant,1,0.07238001272082328,1,117,1,118,1,118,3,282 15048 8024,potted plant
3732,531697,tv,0,-0.2027599859237671,0,141,0,,0,,0,,
3744,532963,bottle,1,0.05885571882128715,1,106,1,107,1,107,2,18046 793,bottles
3747,533171,tie,0,0.033591276928782464,0,25,0,,0,,0,,
3808,540288,cup,1,0.10417410254478454,1,94,1,95,1,95,1,18002,cup
3817,540926,mouse,0,-0.662579243183136,0,80,0,,0,,0,,
3830,542959,potted plant,1,0.050450849235057826,1,88,1,89,1,89,3,282 15048 8024,potted plant
3837,543696,spoon,1,0.07655563101172447,1,79,1,80,1,80,2,805 6150,spoon
3860,546667,chair,1,-0.021247196048498153,0,43,0,,0,,0,,
3872,547258,book,1,0.07353900268673896,1,71,1,72,1,72,1,8277,books
3890,549763,bowl,1,0.06683977216482162,1,82,1,83,1,83,2,12580 29880,bowl
3891,549763,spoon,1,0.05243073672056198,1,87,1,88,1,88,2,805 6150,spoon
3915,551167,sports ball,0,0.07078150182962417,1,44,1,45,1,45,1,8287,ball
3921,552221,bowl,1,0.047918277680873866,1,87,1,88,1,88,2,12580 3137,bowls
3929,552672,sports ball,0,0.06062276184558868,1,44,1,45,1,45,1,8287,ball
3967,557321,book,1,0.09146391868591308,1,82,1,83,1,83,1,8277,books
4026,567304,sports ball,0,0.05670371919870376,1,28,1,29,1,29,1,8287,ball
4056,570643,chair,1,0.06998524338006973,1,92,1,93,1,93,1,11774,chair
4117,872,sports ball,0,0.0743975293636322,1,38,1,39,1,39,1,8287,ball
4133,2225,cup,1,0.08103297546505928,1,108,1,109,1,109,1,18002,cup
4146,3580,cup,1,0.08794695034623146,1,100,1,101,1,101,1,18002,cup
4147,3580,bottle,1,0.08785150840878486,1,110,1,111,1,111,2,18046 280,bottle
4192,11262,dining table,0,0.0924095482379198,1,8,1,9,1,9,2,553 29895,desk
4200,12319,bird,1,0.09830849140882492,1,68,1,69,1,69,1,17952,birds
4206,13145,dining table,0,0.047496947348117824,1,67,1,66,1,66,3,270 2827 1591,dining table
4222,16025,book,1,0.06633872807025909,1,97,1,98,1,98,1,3143,book
4223,16025,remote,1,0.0540837150812149,1,109,1,110,1,110,1,7592,remote
4231,16931,person,1,0.04785500735044479,1,114,1,115,1,115,1,18563,drivers
4273,22158,bowl,1,0.0765366618335247,1,122,1,123,1,123,2,12580 29880,bowl
4279,22660,chair,0,-0.13961424589157104,0,25,0,,0,,0,,
4280,22660,person,0,0.08594614163041114,1,28,1,29,1,29,1,28134,passengers
4284,23369,car,1,0.09711643576622009,1,81,1,82,1,82,1,1559,car
4288,24385,bottle,1,0.05665387138724326,1,57,1,58,1,58,2,18046 280,bottle
4298,24693,person,1,0.042618702352046955,1,74,1,75,1,75,1,2305,people
4321,28134,chair,1,-0.19027287244796753,0,46,0,,1,51,1,11774,chair
4327,28682,bowl,1,0.06594490528106689,1,112,1,113,1,113,2,12580 29880,bowl
4362,33489,car,1,0.06883059710264205,1,96,1,97,1,97,1,1559,car
4364,33489,handbag,1,0.10823838494718074,1,122,1,123,1,123,2,1361 23156,handbag
4372,33845,donut,1,0.09326407209038734,1,95,1,96,1,96,2,1016 8842,donuts
4374,33845,cell phone,1,0.06178858399391174,1,147,1,148,1,148,3,3038 1374 2873,cell phones
4396,38276,dining table,0,0.044437672197818745,1,9,1,10,1,10,2,553 29895,desk
4397,38276,laptop,0,0.04745991796255111,1,13,1,14,1,14,1,6601,computer
4409,38531,chair,1,0.007477425932884217,0,84,0,,0,,0,,
4421,40686,bottle,1,0.10789938632398843,1,117,1,118,1,118,2,18046 280,bottle
4447,46616,person,0,-0.15574877619743346,0,3,0,,1,53,1,6114,woman
4465,48795,person,1,0.09931993566453456,1,30,1,31,1,31,1,11647,People
4477,51028,dining table,1,0.07424404367804527,1,6,1,7,1,7,1,1591,table
4490,52596,handbag,1,0.07733114704489708,1,96,1,97,1,97,3,1361 29890 810,handbags
4516,57006,person,1,0.05987884402275084,1,50,1,51,1,51,1,2022,person
4582,69805,chair,1,0.09399266995489597,1,94,1,95,1,95,1,11774,chair
4585,70471,tv,1,0.087784333974123,1,13,0,,0,,0,,
4620,75560,car,1,0.05168086558580398,1,27,1,28,1,28,1,18647,cars
4631,77924,person,1,0.052959854602813716,1,130,1,131,1,131,1,2305,people
4650,79905,microwave,1,0.08138099581003189,1,87,1,88,1,88,3,20710 798 1351,microwave
4660,81070,tie,0,-0.030300480127334606,0,47,0,,0,,0,,
4712,90239,potted plant,1,0.09552105598151683,1,109,1,110,1,110,3,282 15048 8024,potted plant
4724,91715,car,1,0.050175028741359706,1,70,1,71,1,71,1,1559,car
4751,96539,tv,0,-0.39929325580596925,0,19,0,,0,,0,,
4765,98141,bottle,1,0.08879895590245723,1,92,1,93,1,93,2,18046 793,bottles
4770,99794,sports ball,0,0.07133612304925918,1,97,1,98,1,98,1,8287,ball
4783,102517,chair,1,0.08371392935514449,1,58,1,59,1,59,1,11774,chair
4784,102517,handbag,1,0.10121142510324715,1,66,1,67,1,67,2,1361 23156,handbag
4789,103272,car,1,0.06256001338362693,1,87,1,88,1,88,1,1559,car
4798,104626,person,1,0.043397265672683705,1,66,1,67,1,67,1,2022,person
4820,108212,sink,1,0.057432423233985896,1,52,1,53,1,53,1,28169,sink
4824,108212,bottle,1,0.06605890661478042,1,124,1,125,1,125,2,18046 793,bottles
4830,108645,potted plant,1,0.10736273404210805,1,83,1,84,1,84,3,282 15048 8024,potted plant
4831,108645,chair,1,0.055412697494029994,1,92,1,93,1,93,1,11774,chair
4832,108645,book,1,0.06661806151270866,1,101,1,102,1,102,1,8277,books
4852,112065,tv,0,-0.025198523998260502,0,85,0,,0,,0,,
4857,112664,bus,0,0.0930121437460184,1,13,1,14,1,14,1,3593,bus
4910,121162,bottle,1,0.05234572961926459,1,131,1,132,1,132,2,18046 280,bottle
4914,121442,chair,1,-0.003694255948066716,0,53,0,,0,,0,,
4965,128058,sports ball,1,0.08717079356312751,1,24,1,25,1,25,1,8287,ball
5000,135116,person,0,0.06812083274126052,1,64,1,65,1,65,1,2305,people
5001,135116,sports ball,1,0.10732061311602592,1,94,1,94,1,94,2,14717 8287,sports ball
5004,135670,car,1,0.09388400696218013,1,21,1,22,1,22,1,1559,car
5008,135900,knife,1,0.05602354824542999,1,85,1,86,1,86,2,889 1607,knife
5015,136458,backpack,1,0.057306992709636684,1,146,1,147,1,147,2,1250 4058,backpack
5086,146997,book,1,0.10653900902718305,1,54,1,55,1,55,1,8277,books
5108,150779,car,1,0.08378703415393829,1,77,1,78,1,78,1,18647,cars
5134,154254,cell phone,1,0.040726910233497615,1,40,1,41,1,41,2,3038 9008,cell phone
5135,154254,book,1,0.07323922857642173,1,52,1,53,1,53,1,8277,books
5164,157601,chair,1,0.06640537723898887,1,85,1,86,1,86,1,11774,chair
5195,162357,tie,1,0.033241151329129935,0,28,0,,0,,0,,
5202,163372,bird,1,0.08632468327879905,1,73,1,74,1,74,1,17952,birds
5204,164115,car,1,0.06415228813886642,1,75,1,76,1,76,1,18647,cars
5206,164115,person,1,0.10112048581242561,1,120,1,121,1,121,1,2305,people
5245,170716,person,0,-0.03958093106746674,0,3,0,,1,18,1,6114,woman
5252,170716,sink,1,0.04339352518320083,1,82,1,83,1,83,1,28169,sink
5283,175604,person,1,0.11197487160563468,1,80,1,81,1,81,1,2022,person
5289,177375,chair,0,-0.18147274553775788,0,37,0,,1,82,1,11774,chair
5314,180383,chair,1,0.09887684404850006,1,83,1,84,1,84,1,11774,chair
5315,180383,potted plant,1,0.10828432150185108,1,92,1,93,1,93,3,282 15048 8024,potted plant
5341,183364,dining table,0,0.04607355117797851,1,3,1,4,1,4,2,553 29895,desk
5346,183364,cell phone,1,0.04171387374401092,1,82,1,83,1,83,2,3038 9008,cell phone
5367,185479,chair,1,0.015661704242229457,0,47,0,,0,,0,,
5400,192403,person,1,0.062128081172704686,1,70,1,71,1,71,1,2305,people
5404,192403,vase,1,0.0479147982597351,1,133,1,134,1,134,2,325 559,vase
5410,193332,bowl,1,0.05535434454679489,1,69,1,70,1,70,2,12580 3137,bowls
5411,193968,person,0,-0.09184231519699096,0,3,0,,1,47,1,6114,woman
5414,193968,chair,1,0.06400352984666824,1,75,1,76,1,76,1,11774,chair
5429,195815,dining table,0,0.08341758996248244,1,44,1,43,1,43,3,270 2827 1591,dining table
5431,195815,vase,1,0.07345664426684378,1,55,1,56,1,56,2,325 559,vase
5439,196885,sports ball,1,0.08263928338885307,1,48,1,49,1,49,1,8287,ball
5444,198518,tv,0,-0.56070387840271,0,15,0,,0,,0,,
5466,200739,fire hydrant,1,0.04280250042676925,1,164,1,165,1,165,3,3974 27246 21867,fire hydrant
5482,204726,cup,1,0.04739325791597365,1,84,1,85,1,85,1,18002,cup
5486,205190,car,1,0.10843135964125394,1,81,1,82,1,82,1,1559,car
5493,206273,sink,1,0.06112801924347877,1,49,1,50,1,50,1,28169,sink
5505,208648,car,1,0.10565931618213653,1,19,1,20,1,20,1,1559,car
5509,209527,person,0,-0.13354334890842437,0,3,0,,1,41,1,6114,woman
5512,209527,book,1,0.06760216772556304,1,84,1,85,1,85,1,3143,book
5518,209763,chair,1,-0.10133778750896455,0,100,0,,0,,0,,
5555,215259,person,0,-0.17969419717788696,0,3,0,,1,42,1,6114,woman
5558,215259,chair,1,0.042327704727649684,1,76,1,77,1,77,1,11774,chair
5582,218183,dining table,1,0.058166044652462,1,51,1,50,1,50,3,270 2827 1591,dining table
5595,221502,person,1,0.11135937634855508,1,33,1,34,1,34,1,2022,person
5599,222299,cup,1,0.08850068494677543,1,48,1,49,1,49,1,18002,cup
5602,222299,backpack,1,0.07568431913852691,1,105,1,106,1,106,2,1250 4058,backpack
5613,224337,chair,1,0.010256622880697251,0,72,0,,0,,0,,
5642,226805,dining table,1,0.07522887662053107,1,149,1,148,1,148,3,270 2827 1591,dining table
5653,229020,dining table,0,0.07463969931006431,1,3,1,4,1,4,2,553 29895,desk
5669,229688,couch,1,0.06280080869793891,1,91,1,92,1,92,2,274 3222,couch
5671,229688,clock,1,0.06420394673943519,1,119,1,120,1,120,1,12006,clock
5675,230008,handbag,1,0.07465568825602531,1,84,1,85,1,85,2,1361 23156,handbag
5703,234251,tv,1,0.09133410349488258,1,106,1,107,1,107,1,11456,television
5768,243456,bed,1,0.09428767941892147,1,29,1,30,1,30,1,6592,bed
5772,243456,tv,1,-0.06499220907688141,0,118,0,,0,,0,,
5791,247223,boat,1,0.056204768717288967,1,86,1,87,1,87,1,13968,ships
5801,249815,car,1,0.05800428137183189,1,92,1,93,1,93,1,18647,cars
5826,253441,bottle,1,0.08752922236919403,1,82,1,83,1,83,2,18046 793,bottles
5851,257865,sports ball,1,0.05075119704008102,1,57,1,58,1,58,1,8287,ball
5854,258209,bicycle,0,0.0944290541857481,1,59,1,60,1,60,3,289 4245 7799,bicycles
5880,262162,dining table,0,0.10486474186182021,1,18,1,19,1,19,2,553 29895,desk
5885,262162,tv,0,-0.23541248321533204,0,95,0,,0,,0,,
5886,262162,bottle,1,0.06676725596189498,1,115,1,116,1,116,2,18046 280,bottle
5922,266768,orange,1,0.07334350317716598,1,74,1,75,1,75,1,24841,orange
5958,272678,book,1,0.06358864799141883,1,119,1,120,1,120,1,3143,book
5980,275117,cell phone,1,0.07264100283384323,1,38,1,39,1,39,2,3038 9008,cell phone
5989,276133,chair,1,0.06351659186184405,1,106,1,107,1,107,1,11774,chair
6012,280688,dining table,0,0.09214307449758052,1,9,1,10,1,10,2,553 29895,desk
6017,281101,sports ball,0,0.06393656775355339,1,25,1,26,1,26,1,8287,ball
6026,282046,person,1,0.11167709331959486,1,54,1,55,1,55,1,2305,people
6035,282942,cup,1,0.044499876797199245,1,41,1,42,1,42,2,2723 567,cups
6041,284097,baseball glove,1,0.08809107810258865,1,65,1,66,1,66,3,21573 15482 1960,baseball gloves
6073,289222,car,1,0.09611945681273937,1,85,1,86,1,86,1,1559,car
6076,289633,sink,1,0.10104356415569782,1,63,1,64,1,64,1,28169,sink
6083,291245,tv,1,0.0657402154803276,1,61,0,,0,,0,,
6084,291245,cell phone,1,0.040884802937507625,1,69,1,70,1,70,2,3038 9008,cell phone
6087,291528,knife,1,0.09465934418141841,1,80,1,81,1,81,2,889 1607,knife
6125,295945,bicycle,1,0.04381273210048675,1,77,1,78,1,78,2,4768 446,bike
6129,296521,car,0,0.10124330304563045,1,77,1,78,1,78,1,18647,cars
6150,299288,bench,1,0.05785980716347694,1,7,1,8,1,8,2,3856 305,bench
6177,301402,couch,1,0.059925856888294216,1,103,1,104,1,104,2,274 3222,couch
6191,303089,sink,1,0.10607971146702766,1,68,1,69,1,69,1,28169,sink
6215,306636,bench,1,0.06443225488066673,1,67,1,68,1,68,2,3856 305,bench
6229,309104,chair,1,0.06670458510518074,1,78,1,79,1,79,1,11774,chair
6236,310185,sports ball,1,0.08531784534454345,1,36,1,37,1,37,1,8287,ball
6245,310669,chair,1,-0.047120331823825835,0,52,0,,0,,0,,
6265,312412,person,1,0.09132935374975204,1,127,1,128,1,128,1,2305,people
6284,315037,handbag,1,0.05014798313379287,1,95,1,96,1,96,2,1361 23156,handbag
6321,320658,dining table,0,0.07809228718280792,1,7,1,8,1,8,2,553 29895,desk
6326,320658,person,1,0.041941488981246944,1,80,1,81,1,81,1,2022,person
6331,321118,chair,1,0.0892135751247406,1,59,1,60,1,60,1,11774,chair
6332,321118,remote,1,0.041744406223297115,1,71,1,72,1,72,1,7592,remote
6364,324476,chair,1,0.02249747045338154,0,24,0,,0,,0,,
6444,334311,person,1,0.10775077704340219,1,36,1,37,1,37,1,2305,people
6517,343852,cake,1,0.10241762444376945,1,21,1,22,1,22,2,274 1296,cake
6520,344279,tv,0,-0.43334341526031495,0,61,0,,0,,0,,
6538,346185,tv,0,-0.5432350754737854,0,26,0,,0,,0,,
6539,346185,couch,1,0.07058666914701461,1,63,1,64,1,64,2,274 3222,couch
6555,348982,car,1,0.044771964550018306,1,64,1,65,1,65,1,18647,cars
6561,349936,clock,1,0.06047897309064865,1,62,1,63,1,63,1,12006,clock
6597,353347,tv,0,-0.14837041974067688,0,111,0,,0,,0,,
6672,361751,potted plant,1,0.04309531971812247,1,69,1,70,1,70,3,282 15048 18577,potted plants
6673,361751,person,1,0.10386592417955398,1,88,1,89,1,89,1,2022,person
6678,362368,chair,1,0.07409068465232849,1,95,1,96,1,96,1,11774,chair
6679,362368,dining table,1,0.10083402030169963,1,100,1,99,1,99,3,270 2827 1591,dining table
6683,363654,car,1,0.052118229568004604,1,63,1,64,1,64,1,18647,cars
6689,364743,car,1,0.0719999697804451,1,18,1,19,1,19,1,18647,cars
6699,366406,vase,1,0.044660556018352504,1,86,1,87,1,87,2,325 559,vase
6702,366406,tv,0,-0.45547497749328614,0,109,0,,0,,0,,
6703,366406,dining table,1,0.055799267441034306,1,145,1,144,1,144,3,270 2827 1591,dining table
6705,366406,potted plant,1,0.0535249587893486,1,162,1,163,1,163,3,282 15048 8024,potted plant
6718,368900,tv,0,-0.4721083164215088,0,30,0,,0,,0,,
6779,376264,teddy bear,1,0.07346817374229431,1,139,1,140,1,140,3,29748 4518 11460,teddy bear
6802,380348,fork,1,0.0631275799870491,1,34,1,35,1,35,2,363 2039,forks
6803,380348,knife,1,0.0866130170226097,1,37,1,38,1,38,2,889 3145,knives
6804,380348,spoon,1,0.06592785462737083,1,41,1,42,1,42,2,13345 787,spoons
6824,382696,spoon,1,0.09956214472651481,1,93,1,94,1,94,2,805 6150,spoon
6826,382696,bottle,1,0.07395928993821144,1,108,1,109,1,109,2,18046 280,bottle
6829,383107,dining table,0,0.09864522039890289,1,49,1,50,1,50,2,553 29895,desk
6837,383703,refrigerator,1,0.08549313515424728,1,99,1,100,1,100,4,337 1341 4087 1061,refrigerator
6838,383703,oven,1,0.0682509046792984,1,105,1,106,1,106,2,288 854,oven
6839,383703,microwave,1,0.09157741151750087,1,110,1,111,1,111,3,20710 798 1351,microwave
6846,384468,chair,1,-0.0059805168211460105,0,111,0,,0,,0,,
6851,384661,cup,1,0.06716232642531395,1,88,1,89,1,89,1,18002,cup
6854,384661,sink,1,0.07864536613225936,1,122,1,123,1,123,1,28169,sink
6860,385669,bench,1,0.09059405222535133,1,64,1,65,1,65,2,3856 305,bench
6870,387079,person,0,-0.016506766080856328,0,7,0,,1,21,1,10769,players
6875,388707,dining table,0,0.09037613049149512,1,4,1,5,1,5,2,553 29895,desk
6898,391158,person,1,0.09245341353118419,1,79,1,80,1,80,1,2305,people
6900,391158,dining table,1,0.11624800961464643,1,111,1,112,1,112,1,1591,table
6922,394133,dining table,1,0.053265611827373494,1,78,1,77,1,77,3,270 2827 1591,dining table
6923,394133,clock,1,0.06844073832035064,1,85,1,86,1,86,1,12006,clock
6936,395405,tv,1,-0.05898485064506531,0,125,0,,0,,0,,
6940,397008,sports ball,0,0.07468633994460105,1,20,1,21,1,21,1,8287,ball
6991,404249,bench,1,0.09026745788753032,1,74,1,75,1,75,2,3856 305,bench
6997,404652,bowl,1,0.07954963192343711,1,70,1,71,1,71,2,12580 3137,bowls
6998,404652,spoon,1,0.06819109886884689,1,92,1,93,1,93,2,805 6150,spoon
6999,404652,bottle,1,0.09198697552084922,1,111,1,112,1,112,2,18046 280,bottle
7004,405166,chair,1,-0.03769297808408737,0,40,0,,0,,0,,
7009,406294,chair,0,-0.21349318981170654,0,73,0,,0,,0,,
7049,411303,dining table,0,0.06360352709889411,1,11,1,12,1,12,1,1591,table
7067,413124,sports ball,1,0.08269670873880386,1,59,1,60,1,60,1,8287,ball
7102,420052,stop sign,1,0.04397280037403106,1,44,1,45,1,45,2,5040 1804,stop sign
7113,421875,bowl,0,0.0797545750439167,1,83,1,84,1,84,2,12580 29880,bowl
7124,423380,toothbrush,1,0.04354775965213775,1,47,1,48,1,48,4,304 720 1182 1878,toothbrush
7131,424866,person,1,0.07839434146881102,1,64,1,65,1,65,1,2305,people
7141,426342,cow,1,0.10514018300920724,1,35,1,36,1,36,2,289 913,bull
7202,435391,person,0,-0.07714824080467225,0,3,0,,0,,0,,
7219,436865,bird,1,0.07905624702572822,1,69,1,70,1,70,1,17952,birds
7224,437618,tv,0,-0.38042498111724854,0,9,0,,0,,0,,
7241,439854,motorcycle,1,0.062153785377740856,1,100,1,101,1,101,2,10992 23090,motorcycle
7252,441995,dining table,0,0.07687308937311171,1,37,1,36,1,36,3,270 2827 1591,dining table
7267,443737,truck,1,0.06342036545276641,1,93,1,94,1,94,2,534 2707,truck
7282,445834,handbag,1,0.04468520253896713,1,115,1,116,1,116,2,1361 23156,handbag
7303,449424,dining table,0,0.06690563187003135,1,34,1,35,1,35,2,553 29895,desk
7308,449424,person,1,0.04777916818857192,1,103,1,104,1,104,1,2022,person
7320,450313,backpack,1,0.0792166282236576,1,80,1,81,1,81,2,1250 4058,backpack
7340,453722,vase,1,0.06519588723778724,1,144,1,145,1,145,2,325 559,vase
7358,457217,chair,1,0.08304897591471672,1,80,1,81,1,81,2,521 7121,chairs
7359,457217,dining table,0,0.09894916124641895,1,85,1,84,1,84,3,270 2827 6131,dining tables
7364,457907,chair,1,-0.10068774878978728,0,65,0,,0,,0,,
7407,463802,sports ball,1,0.05804830685257911,1,21,1,22,1,22,1,8287,ball
7419,465453,book,1,0.04550951987504959,1,87,1,88,1,88,1,8277,books
7429,466838,person,0,-0.13331261932849883,0,3,0,,1,20,1,6114,woman
7466,470704,person,1,0.10058186843991279,1,108,1,109,1,109,1,2305,people
7471,471394,cell phone,1,0.09281035438179969,1,111,1,112,1,112,2,3038 9008,cell phone
7480,472046,tv,1,0.04526359856128692,1,79,0,,0,,0,,
7487,472478,cup,1,0.057303550541400905,1,85,1,86,1,86,2,2723 567,cups
7488,472478,knife,1,0.08789251640439033,1,105,1,106,1,106,2,889 1607,knife
7491,472828,apple,1,0.05255262821912765,1,38,1,39,1,39,2,623 793,apples
7504,473869,sink,1,0.08757801622152328,1,61,1,62,1,62,1,28169,sink
7514,474344,sports ball,1,0.09490374371409416,1,24,1,25,1,25,1,8287,ball
7515,474344,baseball glove,1,0.08046112850308418,1,67,1,68,1,68,3,21573 15482 345,baseball glove
7531,477118,car,1,0.0673414197564125,1,44,0,,0,,0,,
7539,478731,chair,1,0.07321165427565574,1,69,1,70,1,70,1,11774,chair
7565,484500,tv,0,-0.10787997126579285,0,50,0,,0,,0,,
7578,488069,cell phone,0,0.06505966454744339,1,35,1,36,1,36,2,3038 9008,cell phone
7591,488915,tv,1,-0.09144098043441773,0,64,0,,0,,0,,
7604,490620,broccoli,1,0.07859021693468093,1,40,1,41,1,41,3,2545 617 5079,broccoli
7636,494629,tv,0,-0.27528676867485047,0,42,0,,0,,0,,
7639,494629,dining table,0,0.09842704504728317,1,57,1,58,1,58,2,553 29895,desk
7641,494629,book,1,0.0773007971048355,1,104,1,105,1,105,1,3143,book
7676,500657,sports ball,1,0.08608556061983108,1,35,1,36,1,36,1,8287,ball
7684,502414,tv,1,0.02278573900461197,0,121,0,,0,,0,,
7686,502732,sink,1,0.06352635368704795,1,65,1,66,1,66,1,28169,sink
7707,505709,potted plant,1,0.0626448531448841,1,143,1,144,1,144,3,282 15048 8024,potted plant
7731,509811,dining table,0,0.05826765224337577,1,10,1,11,1,11,1,6131,tables
7735,509811,tv,1,0.01887905120849609,0,106,0,,0,,0,,
7808,523174,book,1,0.0693640661239624,1,81,1,82,1,82,1,8277,books
7816,524459,cell phone,1,0.044186535179615016,1,112,1,113,1,113,2,3038 9008,cell phone
7831,525682,potted plant,1,0.0971374762058258,1,86,1,87,1,87,3,282 15048 8024,potted plant
7843,527102,dining table,0,0.05445729464292526,1,16,1,17,1,17,1,1591,table
7856,527578,oven,1,0.07650260895490646,1,55,1,56,1,56,2,288 854,oven
7912,533217,handbag,1,0.09695734724402427,1,73,1,74,1,74,3,1361 29890 810,handbags
7916,534045,potted plant,0,0.04636915698647498,1,74,1,75,1,75,3,282 15048 18577,potted plants
7939,535993,wine glass,1,0.04642781883478164,1,40,1,41,1,41,2,19006 12917,wine glass
7943,535993,person,1,0.0549793866276741,1,84,1,85,1,85,1,2022,person
7987,540642,bowl,1,0.082589543312788,1,107,1,108,1,108,2,12580 29880,bowl
7993,541054,sports ball,1,0.08575695276260376,1,22,1,23,1,23,1,8287,ball
8010,543065,cup,1,0.08828492730855941,1,52,1,53,1,53,2,2723 567,cups
8032,546325,clock,1,0.06388450309634208,1,101,1,102,1,102,1,12006,clock
8062,550405,dining table,0,0.062455139011144634,1,10,1,11,1,11,1,1591,table
8066,550722,tv,0,-0.44908929347991944,0,7,0,,0,,0,,
8092,552832,tv,0,-0.4562435793876648,0,122,0,,0,,0,,
8107,554838,tv,1,-0.34689771294593813,0,92,0,,0,,0,,
8123,558012,couch,1,0.0938606046885252,1,99,1,100,1,100,2,274 3222,couch
8128,559136,car,1,0.05393061712384223,1,81,1,82,1,82,1,18647,cars
8130,559416,skis,1,0.1090151098370552,1,15,1,16,1,16,1,14993,ski
8174,566012,sink,1,0.061998533904552455,1,169,1,170,1,170,1,28169,sink
8252,577223,car,1,0.09319312579929828,1,81,1,82,1,82,1,1559,car
8260,577377,bowl,1,0.06493627548217773,1,79,1,80,1,80,2,12580 29880,bowl
8262,577377,spoon,1,0.04280610680580138,1,105,1,106,1,106,2,805 6150,spoon
8267,578522,person,1,0.09674638777971267,1,71,1,72,1,72,1,2305,people
8271,579231,sports ball,1,0.08224436908960342,1,48,1,49,1,49,1,8287,ball
8274,580027,toilet,1,0.05241933733224868,1,55,1,56,1,56,3,304 488 29873,toilet
8305,4011,cake,0,0.06920001178979873,1,14,1,15,1,15,2,274 1296,cake
8333,7260,person,0,-0.03780340135097504,0,7,0,,1,35,1,2305,people
8359,9450,bench,1,0.09696639969944953,1,73,1,74,1,74,2,3856 305,bench
8384,12153,cake,0,0.04413592338562011,1,29,1,30,1,30,2,274 1296,cake
8388,12153,bottle,1,0.0746813704073429,1,85,1,86,1,86,2,18046 793,bottles
8401,14038,tv,0,-0.11657822608947754,0,29,0,,0,,0,,
8416,15566,car,1,0.06348341599106788,1,44,1,45,1,45,1,18647,cars
8458,21060,cell phone,1,0.04587284743785858,1,116,1,117,1,117,2,3038 9008,cell phone
8467,22935,person,0,-0.06291409313678742,0,5,0,,1,15,1,6114,woman
8483,26378,dining table,1,0.07793841034173965,1,89,1,90,1,90,1,1591,table
8484,26378,sink,1,0.054655129909515376,1,104,1,105,1,105,1,28169,sink
8502,28826,person,1,0.11428969761356711,1,49,1,50,1,50,1,2305,people
8505,29253,car,1,0.053093618899583805,1,69,1,70,1,70,1,18647,cars
8519,30356,bottle,1,0.08124268695712089,1,67,1,68,1,68,2,18046 793,bottles
8525,31597,dining table,1,0.05763700500130653,1,15,1,16,1,16,1,1591,table
8544,34471,tv,0,-0.46850932121276856,0,99,0,,0,,0,,
8554,35498,laptop,0,0.07075025036931037,1,3,1,4,1,4,1,6601,computer
8565,37900,dining table,1,0.09565888736397027,1,6,1,7,1,7,1,1591,table
8625,46775,bottle,1,0.05520043075084685,1,41,1,42,1,42,2,18046 793,bottles
8639,47611,person,1,0.10956679459661245,1,98,1,99,1,99,1,2305,people
8649,48905,bowl,1,0.07271136611700058,1,103,1,104,1,104,2,12580 29880,bowl
8684,53263,knife,1,0.1044667101278901,1,79,1,80,1,80,2,889 3145,knives
8790,70020,sports ball,1,0.09040463425219059,1,96,1,97,1,97,1,8287,ball
8797,71914,apple,1,0.10185194469988346,1,58,1,59,1,59,2,623 793,apples
8841,78313,bottle,1,0.04686472833156585,1,86,1,87,1,87,2,18046 793,bottles
8861,81004,sports ball,0,0.05194787204265594,1,49,1,50,1,50,1,8287,ball
8879,85007,person,0,-0.18283507883548736,0,3,0,,1,23,1,6114,woman
8903,89781,bowl,1,0.058395909965038295,1,70,1,71,1,71,2,12580 29880,bowl
8908,90284,sports ball,0,0.05535402417182922,1,32,1,33,1,33,1,8287,ball
8969,102614,car,1,0.09076232155784963,1,71,1,72,1,72,1,1559,car
8972,103134,person,0,-0.1610977268218994,0,6,0,,0,,0,,
8975,103134,tv,0,-0.5331904506683349,0,100,0,,0,,0,,
8982,103815,bench,1,0.10848665878176689,1,153,1,154,1,154,2,3856 305,bench
8991,104495,chair,0,0.04584416270256042,1,135,1,136,1,136,2,521 7121,chairs
9002,106046,chair,0,-0.15712589502334595,0,64,0,,1,82,2,521 7121,chairs
9026,110601,bottle,1,0.06357779994606971,1,100,1,101,1,101,2,18046 280,bottle
9034,112240,person,1,0.085589951723814,1,62,1,63,1,63,1,2305,people
9043,113058,tv,0,-0.46000630140304566,0,52,0,,0,,0,,
9049,113588,tv,0,-0.24082303524017334,0,67,0,,0,,0,,
9075,116517,chair,1,0.07606952905654907,1,103,1,104,1,104,1,11774,chair
9111,122839,cell phone,1,0.09565532848238945,1,44,1,45,1,45,2,4382 6710,telephone
9149,128142,sports ball,1,0.05772969022393226,1,113,1,114,1,114,1,8287,ball
9159,129707,bed,1,0.0568717148900032,1,49,1,45,1,45,1,6592,bed
9201,136140,chair,1,0.088189934566617,1,69,1,70,1,70,1,11774,chair
9253,145651,tv,0,-0.4927488613128662,0,77,0,,0,,0,,
9254,145651,chair,1,0.07063569769263267,1,85,1,86,1,86,1,11774,chair
9262,146910,chair,1,-0.001293306052684795,0,51,0,,0,,0,,
9263,146910,bench,1,0.07660055801272392,1,55,1,56,1,56,2,3856 305,bench
9283,150843,chair,1,0.06955366849899292,1,74,1,75,1,75,1,11774,chair
9303,153445,tv,0,-0.5807326483726502,0,15,0,,0,,0,,
9344,159561,bird,0,-0.4794521546363831,0,6,0,,1,31,1,11199,bird
9353,160482,tv,1,0.011341252326965333,0,63,0,,0,,0,,
9399,168031,bowl,1,0.07116770640015602,1,67,1,68,1,68,2,12580 29880,bowl
9406,168544,chair,1,0.055727417469024654,1,72,1,73,1,73,1,11774,chair
9411,169757,sink,1,0.08481813862919807,1,46,1,47,1,47,1,28169,sink
9418,170739,tie,1,0.026790659837424756,0,44,0,,0,,0,,
9451,176778,bottle,1,0.05020944699645041,1,101,1,102,1,102,2,18046 280,bottle
9476,180479,cup,1,0.08787136793136596,1,66,1,67,1,67,2,2723 567,cups
9477,180479,sink,1,0.07826893299818038,1,102,1,103,1,103,1,28169,sink
9484,182339,tv,0,-0.5619788384437561,0,16,0,,0,,0,,
9519,186412,bowl,1,0.0680040781199932,1,106,1,107,1,107,2,12580 29880,bowl
9536,190041,sports ball,1,0.09067327920347451,1,78,1,78,1,78,2,14717 26563,sports balls
9596,198733,bicycle,1,0.09077510505914688,1,120,1,121,1,121,3,289 4245 7799,bicycles
9606,199771,spoon,1,0.04268828302621841,1,112,1,113,1,113,2,805 6150,spoon
9623,204256,clock,1,0.0702171091735363,1,110,1,111,1,111,1,12006,clock
9671,210794,tv,0,-0.30028939723968506,0,75,0,,0,,0,,
9673,210794,potted plant,1,0.08723570302128791,1,107,1,108,1,108,3,282 15048 8024,potted plant
9679,211186,clock,1,0.0826246839761734,1,101,1,102,1,102,1,12006,clock
9681,213421,person,0,-0.12554426193237306,0,3,0,,0,,0,,
9683,213421,bench,1,0.08111582592129707,1,30,1,31,1,31,2,3856 305,bench
9694,213932,car,1,0.0646638785302639,1,69,1,70,1,70,1,18647,cars
9725,218752,person,1,0.042557495832443226,1,61,1,62,1,62,1,2022,person
9750,223123,bird,1,0.09293939255177974,1,80,1,81,1,81,1,17952,birds
9789,227440,cell phone,1,0.07389627665281295,1,76,1,77,1,77,2,3038 9008,cell phone
9795,227736,boat,1,0.07964377000927925,1,67,1,68,1,68,1,25462,boats
9804,227851,book,1,0.07315584570169448,1,102,1,103,1,103,1,3143,book
9817,230646,dining table,1,0.054889055788516994,1,27,1,26,1,26,3,270 2827 1591,dining table
9834,232612,knife,1,0.06827058166265487,1,51,1,52,1,52,2,889 1607,knife
9860,236874,sports ball,0,0.09643879987299442,1,29,1,30,1,30,1,8287,ball
9884,239395,handbag,1,0.06509628415107727,1,83,1,84,1,84,2,1361 23156,handbag
9888,240147,sports ball,0,0.06411677867174148,1,46,1,47,1,47,1,8287,ball
9908,242869,car,1,0.06476648047566413,1,78,1,79,1,79,1,1559,car
9925,245447,bowl,1,0.07735135674476623,1,98,1,99,1,99,2,12580 29880,bowl
9964,252354,bed,0,0.04831601202487945,1,6,1,7,1,7,1,6592,bed
9985,256251,chair,1,0.10404284007847309,1,105,1,106,1,106,2,521 7121,chairs
10027,263463,person,0,0.09104412503540515,1,36,1,37,1,37,1,2305,people
10034,265063,chair,1,0.01594345360994339,0,35,0,,0,,0,,
10052,267844,fork,1,0.043323519527912135,1,75,1,76,1,76,1,27350,fork
10054,267844,bottle,1,0.047303113043308254,1,104,1,105,1,105,2,18046 280,bottle
10065,269121,sports ball,0,0.08149379760026931,1,21,1,22,1,22,1,8287,ball
10075,271457,person,1,0.11536876752972602,1,37,1,38,1,38,1,2305,people
10087,273688,bowl,1,0.10867763951420784,1,99,1,100,1,100,2,12580 29880,bowl
10114,279305,vase,1,0.05157034367322921,1,83,1,84,1,84,2,325 559,vase
10123,280710,car,1,0.06416994974017143,1,79,1,80,1,80,1,18647,cars
10180,288933,knife,1,0.07931339636445045,1,71,1,72,1,72,2,889 1607,knife
10184,289343,horse,1,0.09655917331576347,1,39,1,40,1,40,1,10435,horse
10188,289659,cow,1,0.06678211584687233,1,85,1,86,1,86,1,21282,cow
10228,295599,cup,1,0.04841442674398422,1,85,1,86,1,86,1,18002,cup
10255,299023,chair,1,0.047779525518417354,1,50,0,,1,55,1,11774,chair
10261,299970,car,0,-0.17733845591545105,0,11,0,,1,24,1,1559,car
10278,301867,person,0,-0.06980765342712403,0,4,0,,1,40,1,6114,woman
10288,302608,tv,1,0.05379794061183929,1,114,1,115,1,115,1,11456,television
10296,304404,sports ball,0,0.06551240280270576,1,40,1,41,1,41,1,8287,ball
10313,306444,bowl,1,0.05040826171636581,1,78,1,79,1,79,2,12580 29880,bowl
10314,306444,bottle,1,0.073321173787117,1,88,1,89,1,89,2,18046 280,bottle
10331,309424,tv,0,-0.241802875995636,0,66,0,,1,76,1,11819,monitor
10346,310597,sports ball,0,0.0578715306520462,1,28,1,29,1,29,1,8287,ball
10349,310725,bed,1,0.08804964914917945,1,49,1,50,1,50,1,6592,bed
10375,313928,person,1,0.09195135988295078,1,61,1,62,1,62,1,2305,people
10393,316400,dining table,0,0.10276846606284379,1,20,1,21,1,21,2,553 29895,desk
10396,316400,spoon,1,0.1002788396552205,1,90,1,91,1,91,2,805 6150,spoon
10446,323327,train,1,0.08126975119113922,1,41,1,42,1,42,1,7945,train
10480,328785,car,1,0.10912322428077459,1,73,1,74,1,74,1,1559,car
10484,329041,tie,1,0.07752134174108505,1,85,1,86,1,86,1,22134,tie
10511,333630,bowl,1,0.08759883902966975,1,77,0,,0,,0,,
10525,334416,clock,1,0.07893748104572296,1,90,1,91,1,91,1,12006,clock
10543,336892,chair,0,-0.14446112990379334,0,27,0,,0,,0,,
10589,342025,bottle,1,0.07292852073907852,1,79,1,80,1,80,2,18046 793,bottles
10604,344955,cup,0,0.054253439307212825,1,84,1,85,1,85,2,2723 567,cups
10607,344955,chair,1,0.05598821014165878,1,138,1,139,1,139,1,11774,chair
10615,346207,dining table,0,0.09799696773290634,1,4,1,5,1,5,2,553 29895,desk
10626,347254,orange,0,0.08361704170703887,1,22,1,23,1,23,1,24841,orange
10670,353920,bottle,1,0.0922406268119812,1,96,1,97,1,97,2,18046 280,bottle
10680,355450,potted plant,1,0.04338225990533828,1,94,1,95,1,95,3,282 15048 8024,potted plant
10690,356424,potted plant,1,0.0821497318148613,1,99,1,100,1,100,3,282 15048 8024,potted plant
10698,356531,chair,1,0.05094001710414886,1,89,0,,1,94,1,11774,chair
10724,359239,person,1,0.05666899885982274,1,111,1,112,1,112,1,2022,person
10733,360600,dining table,1,0.07775357633829116,1,10,1,9,1,9,3,270 2827 1591,dining table
10768,364745,tv,0,-0.2242591428756714,0,77,0,,0,,0,,
10799,369243,bird,1,0.07775974914431572,1,32,1,33,1,33,1,11199,bird
10811,370818,vase,1,0.061672090440988536,1,68,1,69,1,69,2,325 559,vase
10826,373140,person,1,0.05720687925815582,1,84,1,85,1,85,1,2305,people
10864,379402,sink,1,0.06154257327318191,1,60,1,61,1,61,1,28169,sink
10866,379402,wine glass,1,0.07445321127772331,1,87,1,88,1,88,2,19006 12917,wine glass
10869,380516,sports ball,1,0.06890930131077766,1,29,1,30,1,30,1,8287,ball
10900,384503,car,0,0.07622386783361434,1,7,1,8,1,8,1,1559,car
10901,384503,person,0,0.048428963124752034,1,35,1,36,1,36,1,2022,person
10902,384503,truck,1,0.09288597375154495,1,76,1,77,1,77,2,534 2707,truck
10910,384823,clock,1,0.04552978016436099,1,104,1,105,1,105,1,12006,clock
10926,386786,bowl,1,0.0970717117935419,1,62,1,63,1,63,2,12580 29880,bowl
10927,387098,dining table,0,0.08511378355324267,1,4,1,5,1,5,2,553 29895,desk
10935,387098,cell phone,1,0.05879391625523567,1,127,1,128,1,128,2,3038 9008,cell phone
10968,391187,car,1,0.05901877105236053,1,91,1,92,1,92,1,1559,car
11000,395717,chair,1,0.011640041321516026,0,54,0,,0,,0,,
11032,402077,dining table,1,0.041222765296697605,1,54,1,53,1,53,3,270 2827 1591,dining table
11058,404944,backpack,0,0.057090754508972164,1,69,1,70,1,70,2,1250 4058,backpack
11074,407386,cell phone,1,0.08771051362156868,1,87,1,88,1,88,2,3038 9008,cell phone
11099,410878,person,1,0.104744094312191,1,68,1,69,1,69,1,2305,people
11114,413126,dining table,0,0.050964555889368046,1,7,1,8,1,8,1,1591,table
11130,414711,bird,1,0.0561109510064125,1,68,1,69,1,69,1,17952,birds
11136,415949,potted plant,0,0.047246242761611934,1,92,1,93,1,93,3,282 15048 8024,potted plant
11140,417373,dining table,0,0.06904409192502498,1,6,1,7,1,7,2,553 29895,desk
11157,419312,bottle,1,0.06406777247786521,1,117,1,118,1,118,2,18046 280,bottle
11163,420234,sports ball,1,0.09016309946775436,1,48,1,49,1,49,1,8287,ball
11170,420826,car,1,0.05293777883052825,1,66,1,67,1,67,1,18647,cars
11181,422725,sports ball,1,0.08391940116882324,1,24,1,25,1,25,1,8287,ball
11190,423618,sink,1,0.08658885106444358,1,64,1,65,1,65,1,28169,sink
11194,424155,handbag,1,0.06788665324449539,1,67,1,68,1,68,3,1361 29890 810,handbags
11208,425522,person,1,0.100010487139225,1,124,1,125,1,125,1,2305,people
11220,427655,person,0,-0.06984490066766738,0,10,0,,1,123,1,2305,people
11222,427655,chair,1,0.021058742851018906,0,41,0,,0,,0,,
11226,428079,dining table,0,0.10967097047716379,1,11,1,12,1,12,1,1591,table
11234,428712,broccoli,1,0.07926429703831672,1,129,1,130,1,130,3,2545 617 5079,broccoli
11269,435208,tv,0,-0.2994748103618622,0,14,0,,1,37,1,11819,monitor
11279,435466,bowl,1,0.05002422899007797,1,57,1,58,1,58,2,12580 29880,bowl
11289,435922,tv,1,0.08511610597372055,1,64,0,,0,,0,,
11305,436883,traffic light,1,0.05323560059070587,1,84,1,85,1,85,2,12469 3578,traffic light
11307,437180,dining table,0,0.09278566099703311,1,10,1,11,1,11,1,1591,table
11324,439339,chair,1,0.08936033852398395,1,95,0,,1,100,1,11774,chair
11353,442875,clock,1,0.07227289572358131,1,76,1,77,1,77,1,12006,clock
11376,446206,handbag,1,0.10201454803347587,1,92,1,93,1,93,2,1361 23156,handbag
11407,449594,dining table,0,0.040613576024770726,1,94,1,93,1,93,3,270 2827 1591,dining table
11408,449594,vase,1,0.0893513959646225,1,104,1,105,1,105,2,325 559,vase
11457,458045,sports ball,0,0.04781904339790344,1,36,1,37,1,37,1,8287,ball
11470,460646,person,0,0.07447552233934401,1,30,1,31,1,31,1,2022,person
11471,460646,bench,1,0.07603238075971602,1,53,1,54,1,54,2,3856 305,bench
11489,462364,bottle,1,0.10322297632694244,1,111,1,112,1,112,2,18046 280,bottle
11492,463605,car,0,0.09283534705638885,1,4,1,5,1,5,1,1559,car
11530,468778,chair,1,0.06980491697788238,1,117,1,118,1,118,1,11774,chair
11556,472501,chair,1,-0.013494304418563842,0,47,0,,0,,0,,
11577,475043,dining table,1,0.041948701143264766,1,124,1,125,1,125,1,1591,table
11584,475879,tie,1,0.04111707042902707,1,16,0,,1,120,1,22134,tie
11594,475906,potted plant,1,0.07706921815872192,1,120,1,121,1,121,3,282 15048 8024,potted plant
11615,478407,chair,1,0.0780388180911541,1,88,1,89,1,89,2,521 7121,chairs
11632,483469,car,1,0.06794731587171554,1,15,1,16,1,16,1,1559,car
11683,492420,knife,1,0.05373716622591018,1,57,1,58,1,58,2,889 1607,knife
11696,493728,dining table,1,0.0522318360209465,1,42,1,41,1,41,3,270 2827 1591,dining table
11706,495973,laptop,0,0.06130806624889373,1,9,1,10,1,10,1,6601,computer
11718,496718,clock,1,0.08331221982836723,1,86,1,87,1,87,1,12006,clock
11747,502141,potted plant,1,0.060431308001279826,1,34,1,35,1,35,3,282 15048 18577,potted plants
11749,502141,dining table,0,0.052752020657062526,1,76,1,75,1,75,3,270 2827 1591,dining table
11750,502141,bird,1,0.09694704495370388,1,105,1,106,1,106,1,11199,bird
11779,505733,cow,1,0.059608912914991374,1,88,1,89,1,89,1,21282,cow
11796,509131,dining table,0,0.05810854107141494,1,6,1,5,1,5,3,270 2827 1591,dining table
11803,509520,book,1,0.046518544554710384,1,62,1,63,1,63,1,8277,books
11805,509520,tv,0,-0.46196914196014405,0,88,0,,0,,0,,
11824,513789,dining table,1,0.09632369957864284,1,31,1,32,1,32,1,1591,table
11831,514294,fork,1,0.053805577754974354,1,38,1,39,1,39,1,27350,fork
11840,514417,chair,1,-0.0008828221261501304,0,106,0,,0,,0,,
11874,520012,person,1,0.08476127579808235,1,148,1,149,1,149,1,2022,person
11886,522782,dining table,0,0.10196789063513279,1,14,1,15,1,15,2,553 29895,desk
11894,523871,person,0,-0.04360130906105042,0,3,0,,1,18,1,6114,woman
11916,525170,couch,1,0.0452408817410469,1,81,1,82,1,82,2,274 3222,couch
12001,537081,person,1,0.08437408402562141,1,113,1,114,1,114,1,2022,person
12012,539738,handbag,1,0.053803036808967586,1,58,1,59,1,59,2,1361 23156,handbag
12014,540117,person,1,0.0711921241134405,1,65,1,66,1,66,1,2305,people
12047,544451,dining table,0,0.09524831660091876,1,3,1,4,1,4,2,553 29895,desk
12066,545756,sports ball,0,0.08457397937774658,1,24,1,25,1,25,1,8287,ball
12082,547759,cup,1,0.08911138668656349,1,100,1,101,1,101,1,18002,cup
12122,551963,sink,1,0.05973470479249954,1,104,1,105,1,105,1,28169,sink
12199,560890,bicycle,1,0.08008867770433425,1,80,1,81,1,81,3,289 4245 7799,bicycles
12200,560890,potted plant,1,0.05184614956378936,1,96,1,97,1,97,3,282 15048 18577,potted plants
12221,565186,truck,0,-0.4069951987266541,0,7,0,,1,29,2,534 2707,truck
12224,565597,fork,1,0.08699045971035957,1,75,1,76,1,76,1,27350,fork
12225,565597,knife,1,0.08593488752841949,1,78,1,79,1,79,2,889 1607,knife
12254,570709,tv,0,-0.46475661277770997,0,12,0,,0,,0,,
12256,570709,laptop,1,0.05377789109945297,1,91,1,92,1,92,1,19022,laptop
12287,575243,truck,1,0.04607220262289047,1,86,1,87,1,87,2,534 2707,truck
12316,580829,person,1,0.07055965334177017,1,104,1,105,1,105,1,18563,drivers
12336,1436,book,1,0.07326830074191093,1,109,1,110,1,110,1,3143,book
12347,3125,handbag,1,0.0615116387605667,1,101,1,102,1,102,2,1361 23156,handbag
12359,5486,book,1,0.04963956296443939,1,137,1,138,1,138,1,8277,books
12363,6213,bottle,1,0.11385087005794048,1,68,1,69,1,69,2,18046 793,bottles
12365,6213,toothbrush,1,0.08569637209177017,1,110,1,111,1,111,4,304 720 1182 1878,toothbrush
12375,7570,dining table,0,0.08421629562973976,1,12,1,13,1,13,2,553 29895,desk
12379,7570,tv,0,-0.5057145404815674,0,38,0,,0,,0,,
12389,9003,sports ball,0,0.09361165098845958,1,26,1,27,1,27,1,8287,ball
12392,9379,motorcycle,1,0.07922950655221939,1,77,1,78,1,78,2,10992 23090,motorcycle
12422,13061,person,1,0.04183329567313193,1,105,1,106,1,106,1,2305,people
12425,13220,chair,0,-0.17011756896972657,0,24,0,,1,65,2,521 7121,chairs
12448,15725,clock,0,0.052389371097087856,1,116,1,117,1,117,1,12006,clock
12453,15994,tv,1,0.10024849779903888,1,80,1,81,1,81,1,11456,television
12470,18295,car,0,0.04749324098229407,1,32,1,33,1,33,1,18647,cars
12488,21503,tv,1,0.07045347139239311,1,59,0,,0,,0,,
12496,22596,bird,1,0.10393759317696094,1,62,1,63,1,63,1,17952,birds
12524,25896,handbag,1,0.07542697980999946,1,89,1,90,1,90,2,1361 23156,handbag
12539,26942,person,1,0.08648095175623893,1,52,1,53,1,53,1,2022,person
12548,27768,handbag,1,0.10358628526329994,1,100,1,101,1,101,2,1361 23156,handbag
12579,32001,tv,0,-0.672682843208313,0,85,0,,0,,0,,
12588,33052,dining table,1,0.06259024411439895,1,57,1,56,1,56,3,270 2827 1591,dining table
12589,33052,potted plant,1,0.06578125327825546,1,67,1,68,1,68,3,282 15048 8024,potted plant
12624,37670,sink,1,0.04593686282634735,1,69,1,70,1,70,1,28169,sink
12648,41633,bus,1,0.0638062235713005,1,80,1,81,1,81,1,3593,bus
12656,43288,person,1,0.08298602223396301,1,82,1,83,1,83,1,2022,person
12663,43838,clock,1,0.08203894540667533,1,98,1,99,1,99,1,12006,clock
12675,44800,backpack,1,0.04713160067796707,1,151,1,152,1,152,2,1250 4058,backpack
12715,50411,handbag,1,0.05209882482886313,1,98,1,99,1,99,2,1361 23156,handbag
12723,52386,bird,1,0.1039075319468975,1,84,1,85,1,85,1,17952,birds
12729,53484,clock,1,0.06262241199612617,1,68,1,69,1,69,1,12006,clock
12747,55066,sink,1,0.04744721472263336,1,78,1,79,1,79,2,269 19363,sinks
12774,58758,couch,1,0.07508252456784248,1,87,1,88,1,88,2,274 3222,couch
12788,61268,car,1,0.0437900897860527,1,15,1,16,1,16,1,1559,car
12798,62443,chair,1,0.05070520460605621,1,98,1,99,1,99,1,11774,chair
12823,67180,handbag,1,0.10772443551570177,1,80,1,81,1,81,2,1361 23156,handbag
12878,78194,remote,1,0.10288927972316741,1,17,1,18,1,18,1,7592,remote
12884,79121,vase,1,0.05475507944822311,1,98,1,99,1,99,2,325 559,vase
12885,79121,remote,1,0.06681267067790031,1,125,1,126,1,126,1,7592,remote
12892,79544,bottle,1,0.06035726815462111,1,114,1,115,1,115,2,18046 280,bottle
12897,79689,bottle,1,0.10264982365071773,1,77,1,78,1,78,2,18046 793,bottles
12909,81287,handbag,1,0.09496983222663402,1,84,1,85,1,85,3,1361 29890 810,handbags
12923,84123,person,1,0.08508685871958732,1,124,1,125,1,125,1,2305,people
12938,87864,car,1,0.061477623134851445,1,76,1,77,1,77,1,18647,cars
12939,87864,bench,1,0.04833616614341735,1,82,1,83,1,83,2,3856 305,bench
12989,94940,dining table,0,0.05612313270568847,1,17,1,18,1,18,1,1591,table
13015,98973,chair,1,0.06273589178919792,1,65,1,66,1,66,1,11774,chair
13032,101013,bicycle,1,0.07105054602026939,1,111,1,112,1,112,3,289 4245 2841,bicycle
13061,105668,couch,1,0.0923462350666523,1,45,1,46,1,46,2,274 3222,couch
13069,106073,book,1,0.07153843238949775,1,111,1,112,1,112,1,3143,book
13133,115146,tv,1,-0.12230234324932099,0,82,0,,0,,0,,
13135,115146,book,1,0.04769195139408111,1,119,1,120,1,120,1,8277,books
13153,118069,person,0,-0.0005655261874198958,0,7,0,,1,19,1,14000,girls
13178,121417,car,1,0.10591183591634035,1,74,1,75,1,75,1,1559,car
13196,123213,sports ball,1,0.055402303934097286,1,40,1,41,1,41,1,8287,ball
13214,124759,person,1,0.0682608251273632,1,132,1,133,1,133,1,2305,people
13226,126983,microwave,1,0.046144629716873165,1,81,1,82,1,82,3,20710 798 1351,microwave
13228,126983,bottle,1,0.10759720101952552,1,92,1,93,1,93,2,18046 793,bottles
13233,127129,bowl,1,0.07657321438193321,1,108,1,109,1,109,2,12580 29880,bowl
13240,127910,chair,1,0.0546373900771141,1,120,1,121,1,121,2,521 7121,chairs
13248,128598,dining table,0,0.06369354501366614,1,19,1,20,1,20,1,1591,table
13251,128833,handbag,1,0.05760634586215019,1,48,1,49,1,49,3,1361 29890 810,handbags
13270,131497,bed,0,0.09281011193990707,1,13,1,14,1,14,1,6592,bed
13292,135483,person,0,-0.004511636793613438,0,7,0,,1,21,1,10769,players
13332,141634,person,0,-0.12437972903251648,0,9,0,,1,38,1,6114,woman
13360,145728,mouse,1,-0.4169216799736023,0,72,0,,0,,0,,
13361,145728,keyboard,1,0.05195767700672149,1,93,1,94,1,94,1,12247,keyboard
13387,149550,bottle,1,0.07475811511278152,1,125,1,126,1,126,2,18046 280,bottle
13403,151589,bench,1,0.04751546204090118,1,93,1,94,1,94,2,3856 305,bench
13411,152751,dining table,0,0.07450038462877273,1,7,1,8,1,8,2,553 29895,desk
13415,152751,chair,1,0.049918073117733,1,88,1,89,1,89,1,11774,chair
13435,154931,chair,0,0.06163980334997177,1,128,1,129,1,129,2,521 7121,chairs
13446,156372,person,1,0.09559083998203277,1,94,1,95,1,95,1,2305,people
13451,156572,keyboard,1,0.07401757955551147,1,97,1,98,1,98,1,12247,keyboard
13476,160556,tv,0,-0.30552047967910767,0,78,0,,0,,0,,
13487,162415,sports ball,0,0.08825459226965904,1,54,1,55,1,55,1,8287,ball
13513,167486,handbag,1,0.04890899628400802,1,109,1,110,1,110,2,1361 23156,handbag
13525,168061,vase,1,0.07184969902038574,1,29,1,30,1,30,2,325 559,vase
13543,171241,bench,1,0.05700797855854034,1,89,1,90,1,90,2,3856 305,bench
13555,174113,orange,1,0.11541859189048409,1,5,1,6,1,6,1,24841,orange
13581,177496,potted plant,1,0.06573111087083816,1,94,1,95,1,95,3,282 15048 8024,potted plant
13599,180878,knife,1,0.08127334609627723,1,112,1,113,1,113,2,889 1607,knife
13605,181627,person,1,0.1109780379384756,1,79,1,80,1,80,1,2022,person
13655,189698,person,1,0.07887822315096854,1,80,1,81,1,81,1,2305,people
13657,189698,bench,1,0.050280626118183125,1,121,1,122,1,122,2,3856 305,bench
13671,190841,car,1,0.06919706910848616,1,92,1,93,1,93,1,1559,car
13677,192192,traffic light,1,0.06786872342228889,1,46,1,47,1,47,2,11952 4366,streetlight
13680,192192,handbag,1,0.08546510234475135,1,100,1,101,1,101,2,1361 23156,handbag
13702,196168,bottle,1,0.09201204299926757,1,107,1,108,1,108,2,18046 280,bottle
13706,196430,baseball glove,1,0.07979095250368118,1,73,1,74,1,74,3,21573 15482 345,baseball glove
13715,198367,orange,0,0.05377130478620529,1,23,1,24,1,24,1,24841,orange
13728,199437,dining table,1,0.05323219567537307,1,162,1,161,1,161,3,270 2827 1591,dining table
13761,205854,tv,1,0.06011018797755241,1,68,0,,0,,0,,
13769,207151,broccoli,1,0.058554964959621425,1,64,1,65,1,65,3,2545 617 5079,broccoli
13812,210795,tv,1,0.062336894571781154,1,101,1,102,1,102,1,11456,television
13832,215024,chair,1,0.008586791306734086,0,44,0,,0,,0,,
13845,217937,cup,1,0.043750959336757655,1,72,1,73,1,73,2,2723 567,cups
13889,223959,sports ball,1,0.07877328142523765,1,59,1,60,1,60,1,8287,ball
13927,230148,dining table,1,0.0826416340470314,1,59,1,58,1,58,3,270 2827 1591,dining table
13932,230561,tv,1,0.027717019319534297,0,67,0,,0,,0,,
13933,230561,dining table,1,0.04217640578746795,1,92,1,93,1,93,1,1591,table
13939,231237,book,1,0.10854792304337024,1,57,1,58,1,58,1,8277,books
14005,240742,bottle,1,0.09280146926641464,1,94,1,95,1,95,2,18046 280,bottle
14006,240742,bowl,1,0.057585934996604915,1,110,1,111,1,111,2,12580 29880,bowl
14009,241747,bench,1,0.06792389124631881,1,92,1,93,1,93,2,3856 305,bench
14021,242911,spoon,1,0.07769838616251945,1,93,1,94,1,94,2,805 6150,spoon
14030,245383,car,1,0.041680100262165065,1,95,1,96,1,96,1,1559,car
14035,245664,mouse,0,-0.5569152283668518,0,61,0,,0,,0,,
14054,249129,bowl,1,0.06374146685004234,1,106,1,107,1,107,2,12580 29880,bowl
14064,249884,broccoli,1,0.08613457426428794,1,80,1,81,1,81,3,2545 617 5079,broccoli
14070,251019,sports ball,1,0.07884989574551582,1,23,1,24,1,24,1,8287,ball
14078,252403,sink,1,0.11258315749466419,1,89,1,90,1,90,1,28169,sink
14088,253263,mouse,0,-0.5279456424713135,0,51,0,,0,,0,,
14139,260635,chair,1,0.061039945930242534,1,57,1,58,1,58,1,12949,seat
14151,262658,chair,0,-0.06131688237190247,0,24,0,,0,,0,,
14189,267224,person,0,0.06907277107238768,1,83,1,84,1,84,1,2022,person
14223,273190,sports ball,0,0.06246021658182144,1,20,1,21,1,21,1,8287,ball
14234,273711,knife,1,0.07429957658052444,1,106,1,107,1,107,2,889 1607,knife
14239,274418,bottle,1,0.076331327855587,1,72,1,73,1,73,2,18046 793,bottles
14241,274418,apple,1,0.06288919895887374,1,93,1,94,1,94,2,623 793,apples
14262,279387,car,1,0.11282366503030061,1,44,1,45,1,45,1,18647,cars
14279,281609,bowl,1,0.060799336880445476,1,87,1,88,1,88,2,12580 3137,bowls
14282,281950,sink,1,0.08068019792437553,1,87,1,88,1,88,1,28169,sink
14311,286662,bowl,1,0.06407311826944351,1,48,1,49,1,49,2,12580 29880,bowl
14314,286662,bottle,1,0.0944987916201353,1,90,1,91,1,91,2,18046 280,bottle
14315,286662,chair,1,0.01085400879383086,0,108,0,,1,113,1,11774,chair
14344,293425,dining table,0,0.0727067433297634,1,15,1,16,1,16,1,1591,table
14345,293425,chair,1,0.06453897356986998,1,79,1,80,1,80,2,521 7121,chairs
14351,293804,clock,1,0.100049354955554,1,107,1,108,1,108,1,12006,clock
14352,293804,book,1,0.10387668468058109,1,116,1,117,1,117,1,3143,book
14384,299986,chair,1,-0.07119785904884338,0,48,0,,0,,0,,
14404,302292,couch,1,0.08417886391282081,1,52,1,53,1,53,2,274 3222,couch
14431,304341,person,1,0.11116280488669872,1,49,1,50,1,50,1,2305,people
14442,306536,dining table,0,0.06181512296199798,1,5,1,6,1,6,2,553 29895,desk
14453,306908,car,1,0.08036094427108764,1,82,1,83,1,83,1,18647,cars
14460,307166,person,1,0.05602897226810455,1,119,1,120,1,120,1,2305,people
14467,307573,clock,1,0.07949837565422058,1,111,1,112,1,112,1,12006,clock
14468,307573,vase,1,0.09195830568671226,1,120,1,121,1,121,2,325 559,vase
14493,309940,sports ball,1,0.08987736225128173,1,50,1,51,1,51,1,8287,ball
14562,320843,boat,1,0.04980726063251495,1,84,1,85,1,85,1,13006,boat
14564,321217,person,1,0.11515741551294922,1,86,1,87,1,87,1,2305,people
14574,322226,bird,1,0.07368846133351326,1,6,1,7,1,7,1,11199,bird
14577,322848,sports ball,1,0.07153149217367172,1,66,1,67,1,67,1,8287,ball
14582,324291,chair,1,0.03280941508710383,0,39,0,,0,,0,,
14591,325351,tv,1,0.05507527559995651,1,75,0,,0,,0,,
14601,326082,book,1,0.06911051169037818,1,124,1,125,1,125,1,3143,book
14616,327601,bottle,1,0.042877140343189235,1,74,1,75,1,75,2,18046 280,bottle
14617,328084,car,0,0.09689701739698647,1,16,1,17,1,17,1,1559,car
14633,330536,bottle,1,0.10565701860934495,1,106,1,107,1,107,2,18046 280,bottle
14635,330750,person,1,0.10932495061308145,1,36,1,37,1,37,1,2305,people
14641,331529,banana,1,0.06228642433881759,1,30,1,31,1,31,2,9892 16397,bananas
14718,343157,tv,0,-0.43463802814483643,0,28,0,,0,,0,,
14756,347460,person,1,0.05078769400715827,1,121,1,122,1,122,1,2305,people
14795,354584,sports ball,0,0.07328326150774955,1,21,1,22,1,22,1,8287,ball
14805,356432,laptop,1,0.06871287792921066,1,56,1,57,1,57,1,19022,laptop
14823,358658,tv,0,-0.6156010675430298,0,16,0,,0,,0,,
14827,358658,dining table,1,0.07405100315809249,1,85,1,84,1,84,3,270 2827 1591,dining table
14848,360880,vase,1,0.0673927992582321,1,81,1,82,1,82,2,325 559,vase
14865,363559,dining table,1,0.05681009858846664,1,83,1,82,1,82,3,270 2827 1591,dining table
14868,363793,dining table,1,0.04279593646526336,1,26,1,25,1,25,3,270 2827 1591,dining table
14887,367528,person,0,0.10249636404216289,1,10,1,11,1,11,2,15905 261,pitcher
14891,368510,dining table,0,0.06212492957711219,1,6,1,7,1,7,2,553 29895,desk
14908,369310,bottle,1,0.07192112244665622,1,70,1,71,1,71,2,18046 793,bottles
14917,370413,chair,1,0.012840677946805955,0,29,0,,0,,0,,
14922,370697,bottle,1,0.07964240282773971,1,80,1,81,1,81,2,18046 280,bottle
14946,373574,dining table,0,0.09678141295909881,1,3,1,4,1,4,2,553 29895,desk
14953,374249,tv,0,-0.648889307975769,0,11,0,,0,,0,,
14962,375691,bottle,1,0.06809160754084587,1,131,1,132,1,132,2,18046 280,bottle
14976,377881,tv,1,0.08702448651194572,1,107,0,,0,,0,,
14989,379144,car,1,0.04060907185077667,1,105,1,106,1,106,1,1559,car
15005,381332,dining table,1,0.08295857056975364,1,63,1,62,1,62,3,270 2827 1591,dining table
15020,382758,book,1,0.0766211923956871,1,68,1,69,1,69,1,8277,books
15044,386803,umbrella,1,0.09707595862448215,1,96,1,97,1,77,4,1922 1030 645 294,umbrellas
15051,388027,sink,1,0.048642444312572475,1,31,1,32,1,32,1,28169,sink
15065,389108,banana,1,0.07666009932756424,1,96,1,97,1,97,2,9892 16397,bananas
15066,389108,apple,1,0.06808490574359893,1,99,1,100,1,100,2,623 793,apples
15071,390301,car,1,0.06151125848293304,1,64,1,65,1,65,1,18647,cars
15092,394259,dining table,0,0.07028582587838172,1,61,1,60,1,60,3,270 2827 1591,dining table
15108,397101,sports ball,0,0.09073154523968696,1,33,1,34,1,34,1,8287,ball
15129,399384,bowl,1,0.058093982636928554,1,89,1,90,1,90,2,12580 29880,bowl
15143,401004,tv,0,-0.522315285205841,0,109,0,,0,,0,,
15160,404988,person,1,0.0863221389055252,1,98,1,99,1,99,1,2305,people
15215,411070,potted plant,1,0.04884076386690139,1,94,1,95,1,95,3,282 15048 8024,potted plant
15220,411484,car,1,0.08896663680672645,1,84,1,85,1,85,1,1559,car
15221,411840,person,0,-0.039641593694686894,0,3,0,,1,41,1,6114,woman
15232,412978,spoon,1,0.05724558502435684,1,92,1,93,1,93,2,805 6150,spoon
15233,412978,bottle,1,0.07583837106823921,1,96,1,97,1,97,2,18046 280,bottle
15234,412978,vase,1,0.07746903121471405,1,108,1,109,1,109,2,325 559,vase
15236,413278,dining table,0,0.07130251348018646,1,15,1,16,1,16,1,1591,table
15237,413278,cup,1,0.08187168732285499,1,73,1,74,1,74,1,18002,cup
15238,413278,spoon,1,0.06217445701360702,1,87,1,88,1,88,2,805 6150,spoon
15244,414034,tv,1,0.10771763499826192,1,37,1,38,1,38,1,11456,television
15269,418471,tv,1,-0.044811812043190014,0,108,0,,0,,0,,
15307,423715,person,0,-0.09922832906246185,0,3,0,,1,78,1,2305,people
15320,426253,person,1,0.10369362205266952,1,73,1,74,1,74,1,2022,person
15325,427376,stop sign,1,0.08517951786518096,1,78,1,79,1,79,2,5040 1804,stop sign
15326,427376,car,1,0.08826625987887382,1,92,1,93,1,93,1,1559,car
15340,428161,dining table,1,0.04491666629910468,1,73,1,72,1,72,3,270 2827 1591,dining table
15342,428161,handbag,1,0.10311690799891948,1,106,1,107,1,107,2,1361 23156,handbag
15350,430546,bicycle,1,0.0912339024990797,1,69,1,70,1,70,2,4768 446,bike
15357,431481,bowl,1,0.06981823861598968,1,82,1,83,1,83,2,12580 29880,bowl
15377,435519,truck,1,0.05216928839683532,1,88,1,89,1,89,2,534 2707,truck
15380,435795,person,0,0.08011507138609886,1,52,1,53,1,53,1,28134,passengers
15382,435795,chair,1,-0.02877007335424423,0,72,0,,0,,0,,
15396,436273,cup,0,0.07350157469511032,1,89,1,90,1,90,1,18002,cup
15403,436470,bowl,1,0.06206352189183234,1,97,1,98,1,98,2,12580 29880,bowl
15429,440937,person,0,0.04981759458780288,1,68,1,69,1,69,1,2022,person
15460,444565,potted plant,1,0.06374073296785354,1,139,1,140,1,140,3,282 15048 8024,potted plant
15527,455624,bench,1,0.07831654965877533,1,69,1,70,1,70,2,3856 305,bench
15540,458073,dining table,0,0.07185389772057532,1,8,1,9,1,9,2,553 29895,desk
15547,458632,sports ball,1,0.051233339011669154,1,41,1,42,1,42,1,8287,ball
15563,460347,traffic light,1,0.07550796389579773,1,60,1,61,1,61,2,12469 26068,traffic lights
15575,462211,handbag,1,0.0983941637724638,1,47,1,48,1,48,3,1361 29890 810,handbags
15586,463611,vase,1,0.08671561896800994,1,114,1,115,1,115,2,325 559,vase
15614,466422,bench,1,0.09371122054755687,1,107,1,108,1,108,2,3856 305,bench
15618,466988,tv,1,-0.019985829591751103,0,64,0,,0,,0,,
15661,473370,cell phone,1,0.04400725185871124,1,65,1,66,1,66,2,3038 9008,cell phone
15666,474188,person,1,0.11196227826178073,1,32,1,33,1,33,1,2305,people
15683,476279,chair,1,0.030881538949906827,0,78,0,,0,,0,,
15688,476704,person,0,0.04698193341493606,1,51,1,52,1,52,1,28134,passengers
15710,481710,bowl,1,0.07807678624987602,1,96,1,97,1,97,2,12580 29880,bowl
15744,487333,dining table,1,0.08670452505350112,1,79,1,80,1,80,1,1591,table
15786,491062,spoon,1,0.07731483772397041,1,97,1,98,1,98,2,805 6150,spoon
15789,491282,tv,1,-0.1756785875558853,0,56,0,,0,,0,,
15790,491282,chair,0,-0.17296828985214233,0,76,0,,0,,0,,
15805,493321,backpack,1,0.054660196304321285,1,72,1,73,1,73,2,1250 4058,backpack
15806,493751,person,0,-0.06812312185764313,0,3,0,,1,20,1,6114,woman
15817,495985,sports ball,1,0.04575106024742126,1,60,1,61,1,61,1,8287,ball
15838,498463,sink,1,0.1054945596307516,1,89,1,90,1,90,1,28169,sink
15864,502557,dining table,1,0.08191968023777008,1,122,1,121,1,121,3,270 2827 1591,dining table
15877,505528,chair,1,-0.07297890543937682,0,24,0,,0,,0,,
15889,506614,clock,0,0.05439209461212158,1,116,1,117,1,117,1,12006,clock
15890,506614,vase,1,0.08972677484154701,1,123,1,124,1,124,2,325 559,vase
15908,509772,fire hydrant,1,0.054180147945880885,1,34,1,35,1,35,3,3974 27246 21867,fire hydrant
15925,510992,bottle,1,0.0432741892337799,1,83,1,84,1,84,2,18046 793,bottles
15928,510992,spoon,1,0.073334242105484,1,147,1,148,1,148,2,805 6150,spoon
15945,514504,dining table,0,0.07627804845571518,1,12,1,13,1,13,2,553 29895,desk
15985,521956,sports ball,0,0.05291261792182922,1,21,1,22,1,22,1,8287,ball
16028,528875,dining table,1,0.06093944504857063,1,5,1,4,1,4,3,270 2827 1591,dining table
16043,530384,bottle,0,0.05787764012813568,1,125,1,126,1,126,2,18046 280,bottle
16044,530384,cup,1,0.055103937983512874,1,135,1,136,1,136,2,2723 567,cups
16073,533511,tv,0,-0.18002942681312561,0,69,0,,0,,0,,
16080,534669,car,1,0.049349459707736965,1,114,1,115,1,115,1,1559,car
16107,537145,book,1,0.06644714519381523,1,50,1,51,1,51,1,3143,book
16124,540172,person,0,0.07705754682421684,1,114,1,115,1,115,1,2305,people
16149,543581,tv,0,-0.37148184061050415,0,44,0,,0,,0,,
16183,548703,person,0,-0.07034563720226289,0,3,0,,1,29,1,6114,woman
16218,550702,bottle,1,0.04681692540645599,1,69,1,70,1,70,2,18046 793,bottles
16253,554579,person,0,-0.022311722040176396,0,3,0,,1,30,1,6114,woman
16308,564069,traffic light,1,0.06436512887477874,1,83,1,84,1,84,2,12469 3578,traffic light
16338,568502,bottle,1,0.09391317225992679,1,67,1,68,1,68,2,18046 793,bottles
16341,569997,tv,0,-0.5443725037574768,0,11,0,,0,,0,,
16386,575817,bottle,1,0.09215613164007663,1,85,1,86,1,86,2,18046 280,bottle
16394,577096,person,1,0.07003459975123405,1,11,1,12,1,12,1,767,man
