object_id,image_id,word,label,score,matched_phrase,replacement,rewritten
6900,391158,dining table,1,0.11624800961464643,table,a surface,1
13555,174113,orange,1,0.11541859189048409,orange,an item,1
10075,271457,person,1,0.11536876752972602,people,someone,1
14564,321217,person,1,0.11515741551294922,people,someone,1
8502,28826,person,1,0.11428969761356711,people,someone,1
12363,6213,bottle,1,0.11385087005794048,bottles,items,1
14262,279387,car,1,0.11282366503030061,cars,vehicles,1
14078,252403,sink,1,0.11258315749466419,sink,an item,1
5283,175604,person,1,0.11197487160563468,person,someone,1
15666,474188,person,1,0.11196227826178073,people,someone,1
6026,282046,person,1,0.11167709331959486,people,someone,1
5595,221502,person,1,0.11135937634855508,person,someone,1
14431,304341,person,1,0.11116280488669872,people,someone,1
13605,181627,person,1,0.1109780379384756,person,someone,1
428,57238,cup,1,0.11095444288104772,cup,An item,1
1726,246717,handbag,1,0.11035532306879758,handbags,items,1
11226,428079,dining table,0,0.10967097047716379,table,a surface,1
8639,47611,person,1,0.10956679459661245,people,someone,1
14635,330750,person,1,0.10932495061308145,people,someone,1
10480,328785,car,1,0.10912322428077459,car,a vehicle,1
8130,559416,skis,1,0.1090151098370552,ski,some equipment,1
10087,273688,bowl,1,0.10867763951420784,bowl,an item,1
13939,231237,book,1,0.10854792304337024,books,items,1
8982,103815,bench,1,0.10848665878176689,bench,an item,1
460,63521,clock,1,0.108461684435606,clock,an item,1
5486,205190,car,1,0.10843135964125394,car,a vehicle,1
5315,180383,potted plant,1,0.10828432150185108,potted plant,a decorative item,1
4364,33489,handbag,1,0.10823838494718074,handbag,an item,1
4421,40686,bottle,1,0.10789938632398843,bottle,an item,1
6444,334311,person,1,0.10775077704340219,people,someone,1
12823,67180,handbag,1,0.10772443551570177,handbag,an item,1
15244,414034,tv,1,0.10771763499826192,television,a device,1
13228,126983,bottle,1,0.10759720101952552,bottles,some items,1
4830,108645,potted plant,1,0.10736273404210805,potted plant,a decorative item,1
266,36962,dining table,1,0.1073231491073966,table,surface,1
5001,135116,sports ball,1,0.10732061311602592,sports ball,an item,1
429,57238,bowl,1,0.10680572398006916,bowl,an item,1
1045,150091,car,1,0.10658009432256221,cars,vehicles,1
5086,146997,book,1,0.10653900902718305,books,some items,1
6191,303089,sink,1,0.10607971146702766,sink,an item,1
13178,121417,car,1,0.10591183591634035,car,a vehicle,1
5505,208648,car,1,0.10565931618213653,cars,vehicles,1
14633,330536,bottle,1,0.10565701860934495,bottle,an item,1
15838,498463,sink,1,0.1054945596307516,sink,an item,1
348,47524,sink,1,0.1054473415762186,sink,an item,1
7141,426342,cow,1,0.10514018300920724,bull,item,1
5880,262162,dining table,0,0.10486474186182021,desk,A surface,1
928,131203,chair,1,0.10482072539627552,chair,an item,1
11099,410878,person,1,0.104744094312191,people,someone,1
8684,53263,knife,1,0.1044667101278901,knives,items,1
861,122745,car,1,0.10433232121169567,cars,vehicles,1
2479,356494,airplane,0,0.10423888906836509,jet,a vehicle,1
3808,540288,cup,1,0.10417410254478454,cup,an item,1
3311,467988,dining table,0,0.104109066426754,desk,surface,1
9985,256251,chair,1,0.10404284007847309,chairs,some items,1
12496,22596,bird,1,0.10393759317696094,birds,items,1
12723,52386,bird,1,0.1039075319468975,birds,items,1
14352,293804,book,1,0.10387668468058109,book,an item,1
6673,361751,person,1,0.10386592417955398,person,Someone,1
15320,426253,person,1,0.10369362205266952,person,someone,1
12548,27768,handbag,1,0.10358628526329994,handbag,an item,1
11489,462364,bottle,1,0.10322297632694244,bottle,an item,1
15342,428161,handbag,1,0.10311690799891948,handbag,An item,1
12878,78194,remote,1,0.10288927972316741,remote,a device,1
925,130645,handbag,1,0.10288040794432163,handbag,an item,1
10393,316400,dining table,0,0.10276846606284379,dining table,a surface,1
12897,79689,bottle,1,0.10264982365071773,bottles,items,1
14887,367528,person,0,0.10249636404216289,pitcher,someone,1
6517,343852,cake,1,0.10241762444376945,cake,an item,1
11376,446206,handbag,1,0.10201454803347587,handbag,An item,1
1877,266611,car,1,0.10200125247240066,cars,vehicles,1
11886,522782,dining table,0,0.10196789063513279,desk,surface,1
8797,71914,apple,1,0.10185194469988346,apples,items,1
6129,296521,car,0,0.10124330304563045,cars,vehicles,1
4784,102517,handbag,1,0.10121142510324715,handbag,an item,1
3250,461655,chair,1,0.10113643936812877,chairs,some items,1
5206,164115,person,1,0.10112048581242561,people,someone,1
6076,289633,sink,1,0.10104356415569782,sink,an item,1
6679,362368,dining table,1,0.10083402030169963,dining table,a surface,1
7466,470704,person,1,0.10058186843991279,people,someone,1
2207,313562,dining table,0,0.1004086647927761,table,a surface,1
10396,316400,spoon,1,0.1002788396552205,spoon,an item,1
12453,15994,tv,1,0.10024849779903888,television,a device,1
14351,293804,clock,1,0.100049354955554,clock,An item,1
11208,425522,person,1,0.100010487139225,people,someone,1
3631,517973,truck,1,0.09971162386238575,truck,a vehicle,1
6824,382696,spoon,1,0.09956214472651481,spoon,an item,1
4465,48795,person,1,0.09931993566453456,people,Someone,1
7359,457217,dining table,0,0.09894916124641895,dining tables,some surfaces,1
5314,180383,chair,1,0.09887684404850006,chair,an item,1
6829,383107,dining table,0,0.09864522039890289,desk,A surface,1
1493,214698,person,1,0.0985935878753662,drivers,someone,1
7639,494629,dining table,0,0.09842704504728317,desk,a surface,1
15575,462211,handbag,1,0.0983941637724638,handbags,items,1
4200,12319,bird,1,0.09830849140882492,birds,items,1
3350,472030,person,1,0.0981422633677721,person,someone,1
1727,246717,person,1,0.09800018824636936,people,someone,1
10615,346207,dining table,0,0.09799696773290634,desk,surface,1
3654,523565,dining table,0,0.09793987952172756,table,a surface,1
3723,531349,car,1,0.09779612056910991,car,A vehicle,1
1275,183332,book,1,0.09760544344782829,books,items,1
1631,234697,car,1,0.09725449129939079,cars,vehicles,1
7831,525682,potted plant,1,0.0971374762058258,potted plant,A decorative item,1
4284,23369,car,1,0.09711643576622009,car,a vehicle,1
15044,386803,umbrella,1,0.09707595862448215,umbrellas,items,1
10926,386786,bowl,1,0.0970717117935419,bowl,item,1
8359,9450,bench,1,0.09696639969944953,bench,an item,1
7912,533217,handbag,1,0.09695734724402427,handbags,items,1
11750,502141,bird,1,0.09694704495370388,bird,An item,1
14617,328084,car,0,0.09689701739698647,car,vehicle,1
14946,373574,dining table,0,0.09678141295909881,desk,a surface,1
8267,578522,person,1,0.09674638777971267,people,someone,1
10184,289343,horse,1,0.09655917331576347,horse,an item,1
3337,469896,vase,1,0.09649087570607662,vase,an item,1
9860,236874,sports ball,0,0.09643879987299442,ball,an item,1
11824,513789,dining table,1,0.09632369957864284,table,surface,1
6073,289222,car,1,0.09611945681273937,car,A vehicle,1
3317,467988,cell phone,0,0.09597819939255714,cell phone,A device,1
8565,37900,dining table,1,0.09565888736397027,table,surface,1
9111,122839,cell phone,1,0.09565532848238945,telephone,device,1
13446,156372,person,1,0.09559083998203277,people,someone,1
1067,153055,cup,1,0.09558175399899482,cups,items,1
4712,90239,potted plant,1,0.09552105598151683,potted plant,a decorative item,1
260,35738,couch,1,0.0954392597824335,couch,an item,1
12047,544451,dining table,0,0.09524831660091876,desk,a surface,1
12909,81287,handbag,1,0.09496983222663402,handbags,items,1
7514,474344,sports ball,1,0.09490374371409416,ball,an item,1
6087,291528,knife,1,0.09465934418141841,knife,an item,1
14314,286662,bottle,1,0.0944987916201353,bottle,an item,1
5854,258209,bicycle,0,0.0944290541857481,bicycles,vehicles,1
5768,243456,bed,1,0.09428767941892147,bed,item,1
3099,444682,dining table,0,0.09407673858106136,desk,surface,1
4582,69805,chair,1,0.09399266995489597,chair,an item,1
16338,568502,bottle,1,0.09391317225992679,bottles,items,1
5004,135670,car,1,0.09388400696218013,car,vehicle,1
8123,558012,couch,1,0.0938606046885252,couch,an item,1
15614,466422,bench,1,0.09371122054755687,bench,an item,1
12389,9003,sports ball,0,0.09361165098845958,ball,item,1
1950,277674,cup,1,0.09341938875615596,cup,an item,1
278,38449,tie,1,0.09336314246058464,tie,an item,1
4372,33845,donut,1,0.09326407209038734,donuts,items,1
8252,577223,car,1,0.09319312579929828,car,a vehicle,1
4857,112664,bus,0,0.0930121437460184,bus,some vehicles,1
9750,223123,bird,1,0.09293939255177974,birds,items,1
10902,384503,truck,1,0.09288597375154495,truck,a vehicle,1
11492,463605,car,0,0.09283534705638885,car,vehicle,1
7471,471394,cell phone,1,0.09281035438179969,cell phone,A device,1
13270,131497,bed,0,0.09281011193990707,bed,an item,1
14005,240742,bottle,1,0.09280146926641464,bottle,An item,1
11307,437180,dining table,0,0.09278566099703311,table,a surface,1
6898,391158,person,1,0.09245341353118419,people,someone,1
4192,11262,dining table,0,0.0924095482379198,desk,surface,1
13061,105668,couch,1,0.0923462350666523,couch,an item,1
10670,353920,bottle,1,0.0922406268119812,bottle,An item,1
16386,575817,bottle,1,0.09215613164007663,bottle,An item,1
6012,280688,dining table,0,0.09214307449758052,desk,a surface,1
13702,196168,bottle,1,0.09201204299926757,bottle,an item,1
6999,404652,bottle,1,0.09198697552084922,bottle,an item,1
14468,307573,vase,1,0.09195830568671226,vase,an item,1
10375,313928,person,1,0.09195135988295078,people,someone,1
2160,307614,potted plant,0,0.09191973403096199,potted plant,A decorative item,1
3265,463360,dining table,0,0.09167486511170864,desk,a surface,1
6839,383703,microwave,1,0.09157741151750087,microwave,an appliance,1
3967,557321,book,1,0.09146391868591308,books,items,1
5703,234251,tv,1,0.09133410349488258,television,a device,1
6265,312412,person,1,0.09132935374975204,people,someone,1
15350,430546,bicycle,1,0.0912339024990797,bike,a vehicle,1
406,54133,person,1,0.09116009518504142,person,Someone,1
10027,263463,person,0,0.09104412503540515,people,someone,1
9596,198733,bicycle,1,0.09077510505914688,bicycles,vehicles,1
8969,102614,car,1,0.09076232155784963,car,a vehicle,1
15108,397101,sports ball,0,0.09073154523968696,ball,an item,1
9536,190041,sports ball,1,0.09067327920347451,sports balls,items,1
6860,385669,bench,1,0.09059405222535133,bench,an item,1
1362,195045,bird,1,0.09052988037467002,birds,items,1
8790,70020,sports ball,1,0.09040463425219059,ball,item,1
6875,388707,dining table,0,0.09037613049149512,desk,surface,1
592,84968,handbag,1,0.09031754069030284,handbag,an item,1
6991,404249,bench,1,0.09026745788753032,bench,an item,1
11163,420234,sports ball,1,0.09016309946775436,ball,an item,1
716,101031,handbag,1,0.08998577937483787,handbags,items,1
14493,309940,sports ball,1,0.08987736225128173,ball,an item,1
15890,506614,vase,1,0.08972677484154701,vase,an item,1
3605,514254,tv,1,0.08946370601654052,tv,a device,1
11324,439339,chair,1,0.08936033852398395,chair,an item,1
11408,449594,vase,1,0.0893513959646225,vase,an item,1
1299,186182,sink,1,0.08928001008927822,sink,an item,1
6331,321118,chair,1,0.0892135751247406,chair,an item,1
3071,440964,dining table,0,0.08912034414708614,desk,surface,1
12082,547759,cup,1,0.08911138668656349,cup,an item,1
15220,411484,car,1,0.08896663680672645,car,a vehicle,1
107,14635,potted plant,1,0.08882462128996849,potted plant,a decorative item,1
4765,98141,bottle,1,0.08879895590245723,bottles,items,1
5599,222299,cup,1,0.08850068494677543,cup,an item,1
2580,367569,dining table,0,0.08848838403820991,dining table,A surface,1
2604,369082,chair,1,0.08830129280686377,chair,an item,1
8010,543065,cup,1,0.08828492730855941,cups,some items,1
15326,427376,car,1,0.08826625987887382,car,a vehicle,1
13487,162415,sports ball,0,0.08825459226965904,ball,an item,1
9201,136140,chair,1,0.088189934566617,chair,an item,1
2189,310862,keyboard,1,0.08815064549446106,keyboards,items,1
6041,284097,baseball glove,1,0.08809107810258865,baseball gloves,equipment,1
10349,310725,bed,1,0.08804964914917945,bed,an item,1
3290,465184,clock,1,0.0879914154112339,clock,an item,1
4146,3580,cup,1,0.08794695034623146,cup,an item,1
7488,472478,knife,1,0.08789251640439033,knife,An item,1
9476,180479,cup,1,0.08787136793136596,cups,items,1
4147,3580,bottle,1,0.08785150840878486,bottle,an item,1
1736,248400,bottle,1,0.0878390584886074,bottle,an item,1
4585,70471,tv,1,0.087784333974123,tv,a device,1
11074,407386,cell phone,1,0.08771051362156868,cell phone,a device,1
10511,333630,bowl,1,0.08759883902966975,,,0
7504,473869,sink,1,0.08757801622152328,sink,an item,1
213,31043,vase,1,0.08754232048988342,vase,an item,1
5826,253441,bottle,1,0.08752922236919403,bottles,items,1
1120,158957,kite,1,0.08751704439520835,kites,items,1
9673,210794,potted plant,1,0.08723570302128791,potted plant,A decorative item,1
4965,128058,sports ball,1,0.08717079356312751,ball,item,1
14976,377881,tv,1,0.08702448651194572,tv,a device,1
12224,565597,fork,1,0.08699045971035957,fork,an item,1
3336,469896,chair,1,0.08692140400409698,chair,an item,1
2603,369082,dining table,1,0.08687662258744239,dining table,a surface,1
15586,463611,vase,1,0.08671561896800994,vase,An item,1
15744,487333,dining table,1,0.08670452505350112,table,a surface,1
6803,380348,knife,1,0.0866130170226097,knives,some items,1
11190,423618,sink,1,0.08658885106444358,sink,an item,1
12539,26942,person,1,0.08648095175623893,person,someone,1
3069,440514,handbag,1,0.08634860709309577,handbags,items,1
5202,163372,bird,1,0.08632468327879905,birds,items,1
15160,404988,person,1,0.0863221389055252,people,someone,1
1216,174123,broccoli,1,0.08619151160120964,broccoli,an item,1
14064,249884,broccoli,1,0.08613457426428794,broccoli,an item,1
7676,500657,sports ball,1,0.08608556061983108,ball,an item,1
4280,22660,person,0,0.08594614163041114,passengers,someone,1
12225,565597,knife,1,0.08593488752841949,knife,an item,1
7993,541054,sports ball,1,0.08575695276260376,ball,item,1
12365,6213,toothbrush,1,0.08569637209177017,toothbrush,An item,1
9034,112240,person,1,0.085589951723814,people,someone,1
6837,383703,refrigerator,1,0.08549313515424728,refrigerator,an appliance,1
13680,192192,handbag,1,0.08546510234475135,handbag,an item,1
354,48281,dining table,1,0.08544698998332023,table,a surface,1
2379,339344,person,0,0.08537338942289352,people,someone,1
6236,310185,sports ball,1,0.08531784534454345,ball,an item,1
15325,427376,stop sign,1,0.08517951786518096,stop sign,An item,1
11289,435922,tv,1,0.08511610597372055,tv,Device,1
10927,387098,dining table,0,0.08511378355324267,desk,surface,1
12923,84123,person,1,0.08508685871958732,people,someone,1
9411,169757,sink,1,0.08481813862919807,sink,an item,1
2338,333772,dining table,1,0.08480399742722511,desk,surface,1
11874,520012,person,1,0.08476127579808235,person,someone,1
12066,545756,sports ball,0,0.08457397937774658,ball,an item,1
12001,537081,person,1,0.08437408402562141,person,someone,1
12375,7570,dining table,0,0.08421629562973976,desk,surface,1
14404,302292,couch,1,0.08417886391282081,couch,an item,1
2266,321811,bottle,1,0.08398209407925605,bottles,items,1
11181,422725,sports ball,1,0.08391940116882324,ball,an item,1
5108,150779,car,1,0.08378703415393829,cars,vehicles,1
4783,102517,chair,1,0.08371392935514449,chair,an item,1
430,57238,sink,1,0.08363066136837005,sink,an item,1
10626,347254,orange,0,0.08361704170703887,orange,an item,1
5429,195815,dining table,0,0.08341758996248244,dining table,a surface,1
11718,496718,clock,1,0.08331221982836723,clock,An item,1
976,138553,sports ball,1,0.08326052397489547,sports ball,an item,1
7358,457217,chair,1,0.08304897591471672,chairs,items,1
12656,43288,person,1,0.08298602223396301,person,someone,1
15005,381332,dining table,1,0.08295857056975364,dining table,a surface,1
2605,369082,potted plant,1,0.08282517567276954,potted plant,A decorative item,1
2464,354369,laptop,1,0.08277401223778724,notebook,a device,1
7067,413124,sports ball,1,0.08269670873880386,ball,an item,1
13927,230148,dining table,1,0.0826416340470314,dining table,a surface,1
5439,196885,sports ball,1,0.08263928338885307,ball,an item,1
9679,211186,clock,1,0.0826246839761734,clock,an item,1
7987,540642,bowl,1,0.082589543312788,bowl,an item,1
1523,219269,dining table,0,0.08247332014143466,desk,a surface,1
2186,310862,chair,1,0.08228405088186264,chairs,items,1
8271,579231,sports ball,1,0.08224436908960342,ball,an item,1
10690,356424,potted plant,1,0.0821497318148613,potted plant,a decorative item,1
12663,43838,clock,1,0.08203894540667533,clock,an item,1
15864,502557,dining table,1,0.08191968023777008,dining table,a surface,1
15237,413278,cup,1,0.08187168732285499,cup,An item,1
10065,269121,sports ball,0,0.08149379760026931,ball,an item,1
4650,79905,microwave,1,0.08138099581003189,microwave,an appliance,1
2015,286553,wine glass,1,0.08136936545372009,wine glasses,items,1
13599,180878,knife,1,0.08127334609627723,knife,An item,1
10446,323327,train,1,0.08126975119113922,train,item,1
8519,30356,bottle,1,0.08124268695712089,bottles,items,1
1068,153055,wine glass,1,0.0811721895635128,wine glass,an item,1
9683,213421,bench,1,0.08111582592129707,bench,an item,1
4133,2225,cup,1,0.08103297546505928,cup,an item,1
3585,509807,pizza,1,0.08095780655741691,pizza,item,1
2610,369601,dining table,1,0.0808699306845665,table,a surface,1
2559,364580,clock,1,0.08071645617485046,clock,an item,1
14282,281950,sink,1,0.08068019792437553,sink,an item,1
7515,474344,baseball glove,1,0.08046112850308418,baseball glove,some equipment,1
14453,306908,car,1,0.08036094427108764,cars,vehicles,1
15380,435795,person,0,0.08011507138609886,passengers,someone,1
12199,560890,bicycle,1,0.08008867770433425,bicycles,vehicles,1
13706,196430,baseball glove,1,0.07979095250368118,baseball glove,some equipment,1
7113,421875,bowl,0,0.0797545750439167,bowl,an item,1
9795,227736,boat,1,0.07964377000927925,boats,items,1
14922,370697,bottle,1,0.07964240282773971,bottle,An item,1
6997,404652,bowl,1,0.07954963192343711,bowls,items,1
14467,307573,clock,1,0.07949837565422058,clock,an item,1
10180,288933,knife,1,0.07931339636445045,knife,an item,1
11234,428712,broccoli,1,0.07926429703831672,broccoli,an item,1
12392,9379,motorcycle,1,0.07922950655221939,motorcycle,an item,1
7320,450313,backpack,1,0.0792166282236576,backpacks,items,1
7219,436865,bird,1,0.07905624702572822,birds,items,1
10525,334416,clock,1,0.07893748104572296,clock,An item,1
698,99567,car,1,0.07888727530837059,car,a vehicle,1
13655,189698,person,1,0.07887822315096854,people,someone,1
1257,180925,boat,1,0.0788659144937992,boat,an item,1
14070,251019,sports ball,1,0.07884989574551582,ball,item,1
13889,223959,sports ball,1,0.07877328142523765,ball,an item,1
1265,182175,bottle,1,0.0787304539233446,bottle,an item,1
6854,384661,sink,1,0.07864536613225936,sink,an item,1
7604,490620,broccoli,1,0.07859021693468093,broccoli,an item,1
676,96832,dining table,0,0.07857347391545771,desk,a surface,1
7131,424866,person,1,0.07839434146881102,people,someone,1
15527,455624,bench,1,0.07831654965877533,bench,an item,1
9477,180479,sink,1,0.07826893299818038,sink,an item,1
6321,320658,dining table,0,0.07809228718280792,desk,a surface,1
1050,151387,dining table,0,0.0780843485891819,table,a surface,1
15710,481710,bowl,1,0.07807678624987602,bowl,an item,1
11615,478407,chair,1,0.0780388180911541,chairs,some items,1
8483,26378,dining table,1,0.07793841034173965,table,a surface,1
2282,325587,dining table,1,0.07789001509547233,dining table,A surface,1
3725,531697,dining table,0,0.07777522616088389,desk,a surface,1
10799,369243,bird,1,0.07775974914431572,bird,an item,1
10733,360600,dining table,1,0.07775357633829116,dining table,a surface,1
14021,242911,spoon,1,0.07769838616251945,spoon,an item,1
10484,329041,tie,1,0.07752134174108505,tie,An item,1
2158,307614,clock,1,0.07751995965838432,clock,an item,1
3249,461655,dining table,0,0.07750833302736282,dining table,a surface,1
15234,412978,vase,1,0.07746903121471405,vase,an item,1
9925,245447,bowl,1,0.07735135674476623,bowl,an item,1
4490,52596,handbag,1,0.07733114704489708,handbags,some items,1
15786,491062,spoon,1,0.07731483772397041,spoon,an item,1
7641,494629,book,1,0.0773007971048355,book,an item,1
1201,171310,dining table,0,0.07719572156667709,table,a surface,1
11594,475906,potted plant,1,0.07706921815872192,potted plant,A decorative item,1
16124,540172,person,0,0.07705754682421684,people,someone,1
7252,441995,dining table,0,0.07687308937311171,dining table,a surface,1
2176,310035,potted plant,1,0.07682395622134208,potted plants,decorative items,1
15065,389108,banana,1,0.07666009932756424,bananas,some items,1
15020,382758,book,1,0.0766211923956871,books,items,1
9263,146910,bench,1,0.07660055801272392,bench,an item,1
13233,127129,bowl,1,0.07657321438193321,bowl,An item,1
3837,543696,spoon,1,0.07655563101172447,spoon,an item,1
4273,22158,bowl,1,0.0765366618335247,bowl,An item,1
7856,527578,oven,1,0.07650260895490646,oven,an appliance,1
14239,274418,bottle,1,0.076331327855587,bottles,items,1
15945,514504,dining table,0,0.07627804845571518,desk,surface,1
10900,384503,car,0,0.07622386783361434,car,vehicle,1
9075,116517,chair,1,0.07606952905654907,chair,An item,1
11471,460646,bench,1,0.07603238075971602,bench,an item,1
216,31043,book,1,0.07588038116693496,book,an item,1
15233,412978,bottle,1,0.07583837106823921,bottle,An item,1
5602,222299,backpack,1,0.07568431913852691,backpack,An item,1
15563,460347,traffic light,1,0.07550796389579773,traffic lights,items,1
12524,25896,handbag,1,0.07542697980999946,handbag,an item,1
5642,226805,dining table,1,0.07522887662053107,dining table,a surface,1
1898,270354,car,1,0.07517705008387565,car,a vehicle,1
12774,58758,couch,1,0.07508252456784248,couch,an item,1
13387,149550,bottle,1,0.07475811511278152,bottle,An item,1
6940,397008,sports ball,0,0.07468633994460105,ball,an item,1
8388,12153,bottle,1,0.0746813704073429,bottles,some items,1
5675,230008,handbag,1,0.07465568825602531,handbag,an item,1
5653,229020,dining table,0,0.07463969931006431,desk,a surface,1
13411,152751,dining table,0,0.07450038462877273,desk,surface,1
11470,460646,person,0,0.07447552233934401,passengers,someone,1
10866,379402,wine glass,1,0.07445321127772331,wine glasses,some items,1
4117,872,sports ball,0,0.0743975293636322,ball,an item,1
2060,292232,bed,1,0.07431374013423919,bed,an item,1
14234,273711,knife,1,0.07429957658052444,knife,An item,1
4477,51028,dining table,1,0.07424404367804527,table,a surface,1
6678,362368,chair,1,0.07409068465232849,chair,an item,1
14827,358658,dining table,1,0.07405100315809249,dining table,a surface,1
13451,156572,keyboard,1,0.07401757955551147,keyboard,an item,1
6826,382696,bottle,1,0.07395928993821144,bottle,an item,1
9789,227440,cell phone,1,0.07389627665281295,cell phone,a device,1
212,31043,potted plant,1,0.0738450725376606,potted plant,a decorative item,1
14574,322226,bird,1,0.07368846133351326,birds,some items,1
3546,504902,person,1,0.07364974066615104,person,Someone,1
1009,143333,sports ball,1,0.07360335707664489,ball,an item,1
3872,547258,book,1,0.07353900268673896,books,items,1
15396,436273,cup,0,0.07350157469511032,cup,an item,1
6779,376264,teddy bear,1,0.07346817374229431,teddy bear,An item,1
5431,195815,vase,1,0.07345664426684378,vase,an item,1
5922,266768,orange,1,0.07334350317716598,orange,item,1
15928,510992,spoon,1,0.073334242105484,spoon,an item,1
10314,306444,bottle,1,0.073321173787117,bottle,an item,1
14795,354584,sports ball,0,0.07328326150774955,ball,an item,1
12336,1436,book,1,0.07326830074191093,book,an item,1
5135,154254,book,1,0.07323922857642173,books,items,1
7539,478731,chair,1,0.07321165427565574,chair,an item,1
1435,207400,bottle,1,0.07316287875175476,bottle,an item,1
9804,227851,book,1,0.07315584570169448,book,an item,1
10589,342025,bottle,1,0.07292852073907852,bottles,items,1
401,54133,microwave,1,0.0728493694961071,microwave,an appliance,1
8649,48905,bowl,1,0.07271136611700058,bowl,an item,1
14344,293425,dining table,0,0.0727067433297634,table,a surface,1
5980,275117,cell phone,1,0.07264100283384323,cell phone,a device,1
207,30895,tv,1,0.07252075046300888,television,a device,1
3731,531697,potted plant,1,0.07238001272082328,potted plant,a decorative item,1
2720,386525,person,1,0.07236832305788993,person,someone,1
11353,442875,clock,1,0.07227289572358131,clock,An item,1
6689,364743,car,1,0.0719999697804451,cars,vehicles,1
14908,369310,bottle,1,0.07192112244665622,bottles,some items,1
2696,383026,person,1,0.07187927410006523,people,someone,1
15540,458073,dining table,0,0.07185389772057532,desk,a surface,1
13525,168061,vase,1,0.07184969902038574,vase,an item,1
1869,265777,knife,1,0.07184935629367828,knife,an item,1
13069,106073,book,1,0.07153843238949775,book,an item,1
14577,322848,sports ball,1,0.07153149217367172,ball,an item,1
4770,99794,sports ball,0,0.07133612304925918,ball,an item,1
15236,413278,dining table,0,0.07130251348018646,table,surface,1
12014,540117,person,1,0.0711921241134405,people,someone,1
9399,168031,bowl,1,0.07116770640015602,bowl,an item,1
13032,101013,bicycle,1,0.07105054602026939,bicycle,a vehicle,1
2598,369082,sink,1,0.07085426419973373,sink,an item,1
3602,513181,bird,1,0.07082345977425575,birds,items,1
3915,551167,sports ball,0,0.07078150182962417,ball,an item,1
8554,35498,laptop,0,0.07075025036931037,computer,a device,1
9254,145651,chair,1,0.07063569769263267,chair,An item,1
6539,346185,couch,1,0.07058666914701461,couch,an item,1
12316,580829,person,1,0.07055965334177017,drivers,someone,1
12488,21503,tv,1,0.07045347139239311,tv,a device,1
15092,394259,dining table,0,0.07028582587838172,dining table,a surface,1
1527,219269,cell phone,1,0.07025768876075744,cell phone,A device,1
1075,154213,dining table,0,0.07023208484053611,table,surface,1
9623,204256,clock,1,0.0702171091735363,clock,An item,1
16394,577096,person,1,0.07003459975123405,person,someone,1
4056,570643,chair,1,0.06998524338006973,chair,an item,1
15357,431481,bowl,1,0.06981823861598968,bowl,an item,1
11530,468778,chair,1,0.06980491697788238,chair,An item,1
358,48281,tv,1,0.06965609163045883,television,a device,1
9283,150843,chair,1,0.06955366849899292,chair,an item,1
7808,523174,book,1,0.0693640661239624,books,items,1
1635,235597,dining table,0,0.06933464035391806,desks,some surfaces,1
8305,4011,cake,0,0.06920001178979873,cake,an item,1
13671,190841,car,1,0.06919706910848616,car,A vehicle,1
14601,326082,book,1,0.06911051169037818,book,an item,1
14189,267224,person,0,0.06907277107238768,person,Someone,1
11140,417373,dining table,0,0.06904409192502498,desk,surface,1
1254,180925,person,1,0.06894646853208541,person,someone,1
10869,380516,sports ball,1,0.06890930131077766,ball,item,1
4362,33489,car,1,0.06883059710264205,car,A vehicle,1
14805,356432,laptop,1,0.06871287792921066,laptop,a device,1
6923,394133,clock,1,0.06844073832035064,clock,an item,1
9834,232612,knife,1,0.06827058166265487,knife,an item,1
13214,124759,person,1,0.0682608251273632,people,someone,1
6838,383703,oven,1,0.0682509046792984,oven,an appliance,1
6998,404652,spoon,1,0.06819109886884689,spoon,An item,1
5000,135116,person,0,0.06812083274126052,people,someone,1
215,31043,clock,1,0.0681164813041687,clock,An item,1
14962,375691,bottle,1,0.06809160754084587,bottle,an item,1
15066,389108,apple,1,0.06808490574359893,apples,some items,1
9519,186412,bowl,1,0.0680040781199932,bowl,an item,1
1833,262093,book,1,0.0679547956213355,books,items,1
11632,483469,car,1,0.06794731587171554,cars,vehicles,1
14009,241747,bench,1,0.06792389124631881,bench,An item,1
11194,424155,handbag,1,0.06788665324449539,handbags,items,1
13677,192192,traffic light,1,0.06786872342228889,streetlights,some items,1
3714,530836,bottle,0,0.06780934229493141,bottles,items,1
2700,383611,handbag,1,0.0677459006011486,handbags,items,1
5512,209527,book,1,0.06760216772556304,book,an item,1
14848,360880,vase,1,0.0673927992582321,vase,an item,1
7531,477118,car,1,0.0673414197564125,taxi,A vehicle,1
6851,384661,cup,1,0.06716232642531395,cup,an item,1
1522,219075,chair,1,0.06696388766169548,chair,an item,1
7303,449424,dining table,0,0.06690563187003135,desk,a surface,1
3890,549763,bowl,1,0.06683977216482162,bowl,an item,1
12885,79121,remote,1,0.06681267067790031,remote,a device,1
10188,289659,cow,1,0.06678211584687233,cow,an item,1
5886,262162,bottle,1,0.06676725596189498,bottle,An item,1
6229,309104,chair,1,0.06670458510518074,chair,an item,1
4832,108645,book,1,0.06661806151270866,books,some items,1
16107,537145,book,1,0.06644714519381523,book,an item,1
5164,157601,chair,1,0.06640537723898887,chair,an item,1
4222,16025,book,1,0.06633872807025909,book,an item,1
3057,437947,spoon,1,0.0662222121655941,spoon,an item,1
4824,108212,bottle,1,0.06605890661478042,bottles,items,1
1312,188544,bowl,1,0.06605718180537223,bowl,an item,1
4327,28682,bowl,1,0.06594490528106689,bowl,An item,1
6804,380348,spoon,1,0.06592785462737083,spoons,some items,1
12589,33052,potted plant,1,0.06578125327825546,potted plant,a decorative item,1
6083,291245,tv,1,0.0657402154803276,tv,a device,1
13581,177496,potted plant,1,0.06573111087083816,potted plant,a decorative item,1
10296,304404,sports ball,0,0.06551240280270576,ball,an item,1
980,139072,sports ball,1,0.06546569138765335,ball,an item,1
1653,237357,chair,1,0.06524389505386352,chair,an item,1
7340,453722,vase,1,0.06519588723778724,vase,an item,1
2707,384625,potted plant,1,0.06517163559794426,potted plants,decorative items,1
9884,239395,handbag,1,0.06509628415107727,handbag,An item,1
323,44294,microwave,1,0.06507460296154022,microwave,an appliance,1
7578,488069,cell phone,0,0.06505966454744339,cell phone,device,1
2871,410101,clock,1,0.065004800632596,clock,An item,1
8260,577377,bowl,1,0.06493627548217773,bowl,an item,1
9908,242869,car,1,0.06476648047566413,car,a vehicle,1
9694,213932,car,1,0.0646638785302639,cars,vehicles,1
3177,452027,bird,1,0.06463317468762397,birds,items,1
14345,293425,chair,1,0.06453897356986998,chairs,some items,1
920,130043,chair,1,0.06446521252393722,chair,an item,1
6215,306636,bench,1,0.06443225488066673,bench,an item,1
16308,564069,traffic light,1,0.06436512887477874,traffic light,an item,1
1832,262093,wine glass,1,0.06431270658969879,wine glasses,items,1
5671,229688,clock,1,0.06420394673943519,clock,an item,1
10123,280710,car,1,0.06416994974017143,cars,vehicles,1
5204,164115,car,1,0.06415228813886642,cars,vehicles,1
9888,240147,sports ball,0,0.06411677867174148,ball,an item,1
14311,286662,bowl,1,0.06407311826944351,bowl,an item,1
11157,419312,bottle,1,0.06406777247786521,bottle,An item,1
5414,193968,chair,1,0.06400352984666824,chair,an item,1
6017,281101,sports ball,0,0.06393656775355339,ball,an item,1
2067,292741,potted plant,1,0.06393088296055793,potted plant,A decorative item,1
8032,546325,clock,1,0.06388450309634208,clock,an item,1
12648,41633,bus,1,0.0638062235713005,bus,some vehicles,1
14054,249129,bowl,1,0.06374146685004234,bowl,an item,1
15460,444565,potted plant,1,0.06374073296785354,potted plant,a decorative item,1
13248,128598,dining table,0,0.06369354501366614,table,a surface,1
7049,411303,dining table,0,0.06360352709889411,table,a surface,1
5958,272678,book,1,0.06358864799141883,book,an item,1
9026,110601,bottle,1,0.06357779994606971,bottle,an item,1
7686,502732,sink,1,0.06352635368704795,sink,an item,1
5989,276133,chair,1,0.06351659186184405,chair,an item,1
8416,15566,car,1,0.06348341599106788,cars,vehicles,1
7267,443737,truck,1,0.06342036545276641,truck,A vehicle,1
404,54133,dining table,0,0.06322944462299346,dining table,a surface,1
6802,380348,fork,1,0.0631275799870491,forks,some items,1
14241,274418,apple,1,0.06288919895887374,apples,items,1
5669,229688,couch,1,0.06280080869793891,couch,an item,1
13015,98973,chair,1,0.06273589178919792,chair,an item,1
7707,505709,potted plant,1,0.0626448531448841,potted plant,a decorative item,1
12729,53484,clock,1,0.06262241199612617,clock,an item,1
12588,33052,dining table,1,0.06259024411439895,dining table,A surface,1
4789,103272,car,1,0.06256001338362693,car,A vehicle,1
14223,273190,sports ball,0,0.06246021658182144,ball,an item,1
8062,550405,dining table,0,0.062455139011144634,dining table,a surface,1
13812,210795,tv,1,0.062336894571781154,television,a device,1
14641,331529,banana,1,0.06228642433881759,bananas,some items,1
15238,413278,spoon,1,0.06217445701360702,spoon,an item,1
7241,439854,motorcycle,1,0.062153785377740856,motorcycle,an item,1
5400,192403,person,1,0.062128081172704686,people,someone,1
14891,368510,dining table,0,0.06212492957711219,desk,surface,1
15403,436470,bowl,1,0.06206352189183234,bowl,an item,1
8174,566012,sink,1,0.061998533904552455,sink,an item,1
2933,420422,truck,1,0.06192098826169967,truck,a vehicle,1
14442,306536,dining table,0,0.06181512296199798,desk,surface,1
4374,33845,cell phone,1,0.06178858399391174,cell phones,devices,1
1964,279391,tv,1,0.06171017408370971,tv,A device,1
10811,370818,vase,1,0.061672090440988536,vase,an item,1
13435,154931,chair,0,0.06163980334997177,chairs,some items,1
10864,379402,sink,1,0.06154257327318191,sink,an item,1
12347,3125,handbag,1,0.0615116387605667,handbag,An item,1
15071,390301,car,1,0.06151125848293304,cars,vehicles,1
12938,87864,car,1,0.061477623134851445,cars,vehicles,1
1531,219269,book,1,0.06143876805901527,book,An item,1
3058,437947,bottle,0,0.06142619892954826,bottles,some items,1
11706,495973,laptop,0,0.06130806624889373,computer,device,1
3150,449661,laptop,1,0.06129665940999984,computer,a device,1
5493,206273,sink,1,0.06112801924347877,sink,an item,1
14139,260635,chair,1,0.061039945930242534,seat,item,1
2553,363594,potted plant,1,0.06100309163331985,potted plant,A decorative item,1
1960,279391,chair,1,0.060994627773761745,chair,an item,1
16028,528875,dining table,1,0.06093944504857063,dining table,a surface,1
14279,281609,bowl,1,0.060799336880445476,bowls,some items,1
1870,265777,spoon,1,0.0607116025686264,spoon,an item,1
3929,552672,sports ball,0,0.06062276184558868,ball,item,1
2633,371890,person,1,0.06061591103672981,person,Someone,1
6561,349936,clock,1,0.06047897309064865,clock,an item,1
11747,502141,potted plant,1,0.060431308001279826,potted plants,decorative items,1
3121,446574,sink,1,0.06042568281292915,sink,an item,1
12892,79544,bottle,1,0.06035726815462111,bottle,An item,1
2975,426700,potted plant,1,0.060238949209451664,potted plant,a decorative item,1
13761,205854,tv,1,0.06011018797755241,tv,a device,1
6177,301402,couch,1,0.059925856888294216,couch,an item,1
4516,57006,person,1,0.05987884402275084,person,someone,1
3460,491470,car,1,0.059791027456521983,cars,vehicles,1
12122,551963,sink,1,0.05973470479249954,sink,an item,1
11779,505733,cow,1,0.059608912914991374,cow,an item,1
1908,272673,toothbrush,1,0.05930038437247276,toothbrushes,items,1
313,43670,sports ball,1,0.05923750147223472,ball,an item,1
10968,391187,car,1,0.05901877105236053,car,a vehicle,1
3744,532963,bottle,1,0.05885571882128715,bottles,items,1
3683,527535,banana,0,0.0588030469417572,bananas,some items,1
10935,387098,cell phone,1,0.05879391625523567,cell phone,A device,1
343,46433,vase,1,0.05859677389264106,vase,an item,1
13769,207151,broccoli,1,0.058554964959621425,broccoli,an item,1
8903,89781,bowl,1,0.058395909965038295,bowl,an item,1
7731,509811,dining table,0,0.05826765224337577,tables,surfaces,1
5582,218183,dining table,1,0.058166044652462,dining table,a surface,1
11796,509131,dining table,0,0.05810854107141494,dining table,surface,1
15129,399384,bowl,1,0.058093982636928554,bowl,an item,1
7407,463802,sports ball,1,0.05804830685257911,ball,an item,1
5801,249815,car,1,0.05800428137183189,cars,vehicles,1
16043,530384,bottle,0,0.05787764012813568,bottle,an item,1
10346,310597,sports ball,0,0.0578715306520462,ball,an item,1
6150,299288,bench,1,0.05785980716347694,bench,an item,1
2894,413287,car,1,0.057743220478296275,cars,vehicles,1
9149,128142,sports ball,1,0.05772969022393226,ball,an item,1
8525,31597,dining table,1,0.05763700500130653,table,a surface,1
13251,128833,handbag,1,0.05760634586215019,handbags,items,1
14006,240742,bowl,1,0.057585934996604915,bowl,an item,1
1888,269098,chair,0,0.0575317245721817,chair,an item,1
4820,108212,sink,1,0.057432423233985896,sink,an item,1
5015,136458,backpack,1,0.057306992709636684,backpack,An item,1
7487,472478,cup,1,0.057303550541400905,cups,items,1
15232,412978,spoon,1,0.05724558502435684,spoon,an item,1
10826,373140,person,1,0.05720687925815582,people,someone,1
11058,404944,backpack,0,0.057090754508972164,backpack,an item,1
13543,171241,bench,1,0.05700797855854034,bench,An item,1
2551,363594,dining table,1,0.05687596946954726,dining table,a surface,1
9159,129707,bed,1,0.0568717148900032,bed,an item,1
14865,363559,dining table,1,0.05681009858846664,dining table,a surface,1
4026,567304,sports ball,0,0.05670371919870376,ball,an item,1
10724,359239,person,1,0.05666899885982274,person,someone,1
4288,24385,bottle,1,0.05665387138724326,bottle,an item,1
2490,356800,bench,1,0.056636768281459804,bench,an item,1
1447,208623,couch,1,0.05650104850530624,couch,an item,1
5791,247223,boat,1,0.056204768717288967,ships,items,1
12989,94940,dining table,0,0.05612313270568847,table,a surface,1
11130,414711,bird,1,0.0561109510064125,birds,items,1
2103,300034,bottle,1,0.056082966625690456,bottles,items,1
553,78823,bicycle,1,0.05604049086570739,bicycle,A vehicle,1
14460,307166,person,1,0.05602897226810455,people,someone,1
5008,135900,knife,1,0.05602354824542999,knife,An item,1
10607,344955,chair,1,0.05598821014165878,chair,an item,1
1913,273083,chair,1,0.055884528160095204,chair,An item,1
6703,366406,dining table,1,0.055799267441034306,dining table,a surface,1
9406,168544,chair,1,0.055727417469024654,chair,an item,1
4831,108645,chair,1,0.055412697494029994,chair,an item,1
13196,123213,sports ball,1,0.055402303934097286,ball,an item,1
5410,193332,bowl,1,0.05535434454679489,bowls,items,1
8908,90284,sports ball,0,0.05535402417182922,ball,an item,1
8625,46775,bottle,1,0.05520043075084685,bottles,some items,1
16044,530384,cup,1,0.055103937983512874,cups,items,1
14591,325351,tv,1,0.05507527559995651,tv,a device,1
3418,486573,potted plant,1,0.055015022754669185,potted plant,a decorative item,1
7943,535993,person,1,0.0549793866276741,person,Someone,1
9817,230646,dining table,1,0.054889055788516994,dining table,a surface,1
764,108193,cup,1,0.05480191379785537,cup,An item,1
12884,79121,vase,1,0.05475507944822311,vase,An item,1
246,34445,potted plant,0,0.054699743986129756,potted plant,A decorative item,1
15805,493321,backpack,1,0.054660196304321285,backpack,an item,1
8484,26378,sink,1,0.054655129909515376,sink,an item,1
13240,127910,chair,1,0.0546373900771141,chairs,some items,1
7843,527102,dining table,0,0.05445729464292526,tables,surfaces,1
459,63521,chair,1,0.054422113001346584,chair,an item,1
15889,506614,clock,0,0.05439209461212158,clock,an item,1
210,31043,dining table,0,0.05435969233512877,dining table,A surface,1
10604,344955,cup,0,0.054253439307212825,cups,some items,1
15908,509772,fire hydrant,1,0.054180147945880885,fire hydrant,an item,1
4223,16025,remote,1,0.0540837150812149,remote,a device,1
1238,178980,dining table,0,0.054020316526293743,desk,surface,1
345,47204,stop sign,1,0.054003174304962154,stop sign,an item,1
2934,420422,bicycle,1,0.05397598713636398,bicycle,A vehicle,1
8128,559136,car,1,0.05393061712384223,cars,vehicles,1
11831,514294,fork,1,0.053805577754974354,fork,an item,1
12012,539738,handbag,1,0.053803036808967586,handbag,an item,1
10288,302608,tv,1,0.05379794061183929,television,a device,1
12256,570709,laptop,1,0.05377789109945297,laptop,a device,1
13715,198367,orange,0,0.05377130478620529,orange,an item,1
11683,492420,knife,1,0.05373716622591018,knife,an item,1
6705,366406,potted plant,1,0.0535249587893486,potted plant,A decorative item,1
542,76138,dining table,1,0.05343802541494369,dining table,a surface,1
1454,209322,bottle,1,0.053421925008296955,bottles,items,1
6922,394133,dining table,1,0.053265611827373494,dining table,a surface,1
11305,436883,traffic light,1,0.05323560059070587,traffic light,An item,1
13728,199437,dining table,1,0.05323219567537307,dining table,a surface,1
8505,29253,car,1,0.053093618899583805,cars,vehicles,1
4631,77924,person,1,0.052959854602813716,people,someone,1
11170,420826,car,1,0.05293777883052825,cars,vehicles,1
15985,521956,sports ball,0,0.05291261792182922,sports ball,an item,1
2853,408789,couch,1,0.05286941200494766,couch,an item,1
1330,190156,dining table,0,0.05281946331262588,table,a surface,1
11749,502141,dining table,0,0.052752020657062526,dining table,a surface,1
7491,472828,apple,1,0.05255262821912765,apples,some items,1
3891,549763,spoon,1,0.05243073672056198,spoon,an item,1
8274,580027,toilet,1,0.05241933733224868,toilet,an item,1
12448,15725,clock,0,0.052389371097087856,clock,an item,1
4910,121162,bottle,1,0.05234572961926459,bottle,An item,1
320,43961,chair,0,0.05225162476301193,chairs,some items,1
11696,493728,dining table,1,0.0522318360209465,dining table,a surface,1
15377,435519,truck,1,0.05216928839683532,truck,a vehicle,1
6683,363654,car,1,0.052118229568004604,cars,vehicles,1
12715,50411,handbag,1,0.05209882482886313,handbag,an item,1
2051,291380,potted plant,1,0.05199069052934646,potted plants,decorative items,1
13361,145728,keyboard,1,0.05195767700672149,keyboard,An item,1
8861,81004,sports ball,0,0.05194787204265594,ball,an item,1
12200,560890,potted plant,1,0.05184614956378936,potted plants,some decorative items,1
777,109937,banana,1,0.05184231966733932,bananas,some items,1
4620,75560,car,1,0.05168086558580398,cars,vehicles,1
10114,279305,vase,1,0.05157034367322921,vase,an item,1
15547,458632,sports ball,1,0.051233339011669154,ball,an item,1
840,120745,couch,1,0.05109289586544036,couch,an item,1
11114,413126,dining table,0,0.050964555889368046,table,a surface,1
10698,356531,chair,1,0.05094001710414886,chair,an item,1
14756,347460,person,1,0.05078769400715827,people,someone,1
5851,257865,sports ball,1,0.05075119704008102,ball,an item,1
12798,62443,chair,1,0.05070520460605621,chair,An item,1
3830,542959,potted plant,1,0.050450849235057826,potted plant,a decorative item,1
10313,306444,bowl,1,0.05040826171636581,bowl,an item,1
13657,189698,bench,1,0.050280626118183125,bench,an item,1
9451,176778,bottle,1,0.05020944699645041,bottle,An item,1
1223,175382,tie,1,0.05017636984586715,ties,items,1
4724,91715,car,1,0.050175028741359706,car,a vehicle,1
6284,315037,handbag,1,0.05014798313379287,handbag,an item,1
3279,463783,car,1,0.050121235549449916,car,a vehicle,1
11279,435466,bowl,1,0.05002422899007797,bowl,an item,1
13415,152751,chair,1,0.049918073117733,chair,An item,1
3637,519815,bottle,0,0.04991108447313308,bottles,items,1
15429,440937,person,0,0.04981759458780288,person,someone,1
14562,320843,boat,1,0.04980726063251495,boat,an item,1
12359,5486,book,1,0.04963956296443939,books,some items,1
16080,534669,car,1,0.049349459707736965,car,A vehicle,1
2543,362327,chair,1,0.04933270335197448,chair,an item,1
1813,258996,chair,1,0.04911761254072189,chairs,items,1
112,15345,bowl,1,0.04894915491342544,bowl,an item,1
13513,167486,handbag,1,0.04890899628400802,handbag,An item,1
15215,411070,potted plant,1,0.04884076386690139,potted plant,A decorative item,1
15051,388027,sink,1,0.048642444312572475,sink,item,1
985,139530,clock,1,0.048557209670543666,clock,An item,1
1901,270815,sports ball,0,0.04850817739963531,ball,an item,1
10901,384503,person,0,0.048428963124752034,person,someone,1
10228,295599,cup,1,0.04841442674398422,cup,an item,1
12939,87864,bench,1,0.04833616614341735,bench,an item,1
9964,252354,bed,0,0.04831601202487945,bed,an item,1
2859,409116,person,0,0.04795291945338248,patient,someone,1
3921,552221,bowl,1,0.047918277680873866,bowls,items,1
5404,192403,vase,1,0.0479147982597351,vase,An item,1
4231,16931,person,1,0.04785500735044479,drivers,someone,1
11457,458045,sports ball,0,0.04781904339790344,ball,an item,1
10255,299023,chair,1,0.047779525518417354,chair,an item,1
7308,449424,person,1,0.04777916818857192,person,Someone,1
13135,115146,book,1,0.04769195139408111,books,items,1
13403,151589,bench,1,0.04751546204090118,bench,an item,1
4206,13145,dining table,0,0.047496947348117824,dining table,a surface,1
12470,18295,car,0,0.04749324098229407,cars,vehicles,1
1539,220732,traffic light,1,0.04747347056865692,traffic light,An item,1
4397,38276,laptop,0,0.04745991796255111,computer,a device,1
12747,55066,sink,1,0.04744721472263336,sinks,items,1
5482,204726,cup,1,0.04739325791597365,cup,an item,1
10054,267844,bottle,1,0.047303113043308254,bottle,An item,1
11136,415949,potted plant,0,0.047246242761611934,potted plant,a decorative item,1
12675,44800,backpack,1,0.04713160067796707,backpack,an item,1
15688,476704,person,0,0.04698193341493606,passengers,someone,1
8841,78313,bottle,1,0.04686472833156585,bottles,items,1
2768,392915,spoon,1,0.046863290369510646,spoon,an item,1
16218,550702,bottle,1,0.04681692540645599,bottles,items,1
11803,509520,book,1,0.046518544554710384,books,items,1
7939,535993,wine glass,1,0.04642781883478164,wine glass,An item,1
7916,534045,potted plant,0,0.04636915698647498,potted plants,decorative items,1
13226,126983,microwave,1,0.046144629716873165,microwave,an appliance,1
5341,183364,dining table,0,0.04607355117797851,desk,a surface,1
12287,575243,truck,1,0.04607220262289047,truck,a vehicle,1
12624,37670,sink,1,0.04593686282634735,sink,an item,1
1983,281625,car,1,0.04592255987226962,car,A vehicle,1
2389,340327,bowl,1,0.04591318488121032,bowl,An item,1
8458,21060,cell phone,1,0.04587284743785858,cell phone,a device,1
8991,104495,chair,0,0.04584416270256042,chairs,some items,1
15817,495985,sports ball,1,0.04575106024742126,ball,an item,1
10910,384823,clock,1,0.04552978016436099,clock,An item,1
7419,465453,book,1,0.04550951987504959,books,items,1
1160,165298,person,1,0.04539502680301666,people,someone,1
7480,472046,tv,1,0.04526359856128692,tv,a device,1
11916,525170,couch,1,0.0452408817410469,couch,an item,1
328,44294,vase,1,0.04511609226465224,vase,An item,1
15340,428161,dining table,1,0.04491666629910468,dining table,a surface,1
866,123321,dining table,0,0.04488247156143188,dining table,a surface,1
6555,348982,car,1,0.044771964550018306,cars,vehicles,1
7282,445834,handbag,1,0.04468520253896713,handbag,an item,1
6699,366406,vase,1,0.044660556018352504,vase,an item,1
1530,219269,bottle,1,0.04451530724763869,bottle,An item,1
6035,282942,cup,1,0.044499876797199245,cups,some items,1
4396,38276,dining table,0,0.044437672197818745,desk,surface,1
3674,526342,person,1,0.044397684931755055,people,someone,1
7816,524459,cell phone,1,0.044186535179615016,cell phone,a device,1
402,54133,toaster,1,0.044173504114151,toaster,an appliance,1
8384,12153,cake,0,0.04413592338562011,cake,an item,1
15661,473370,cell phone,1,0.04400725185871124,cell phone,a device,1
7102,420052,stop sign,1,0.04397280037403106,stop sign,an item,1
6125,295945,bicycle,1,0.04381273210048675,bike,a vehicle,1
12788,61268,car,1,0.0437900897860527,cars,vehicles,1
13845,217937,cup,1,0.043750959336757655,cups,some items,1
2620,370478,remote,1,0.04370378971099853,remote,a device,1
7124,423380,toothbrush,1,0.04354775965213775,toothbrush,an item,1
4798,104626,person,1,0.043397265672683705,person,someone,1
5252,170716,sink,1,0.04339352518320083,sink,an item,1
10680,355450,potted plant,1,0.04338225990533828,potted plant,A decorative item,1
10052,267844,fork,1,0.043323519527912135,fork,an item,1
15925,510992,bottle,1,0.0432741892337799,bottles,items,1
1102,157102,dining table,0,0.04318622022867202,dining table,a surface,1
6672,361751,potted plant,1,0.04309531971812247,potted plants,decorative items,1
3253,461655,book,1,0.04291895300149917,book,An item,1
14616,327601,bottle,1,0.042877140343189235,bottle,an item,1
8262,577377,spoon,1,0.04280610680580138,spoon,an item,1
5466,200739,fire hydrant,1,0.04280250042676925,fire hydrant,an item,1
14868,363793,dining table,1,0.04279593646526336,dining table,a surface,1
9606,199771,spoon,1,0.04268828302621841,spoon,an item,1
4298,24693,person,1,0.042618702352046955,people,someone,1
9725,218752,person,1,0.042557495832443226,person,someone,1
5558,215259,chair,1,0.042327704727649684,chair,an item,1
1131,160580,handbag,1,0.042200227454304684,handbags,items,1
13933,230561,dining table,1,0.04217640578746795,table,a surface,1
3574,508115,bowl,1,0.04217054992914199,bowl,an item,1
11577,475043,dining table,1,0.041948701143264766,table,a surface,1
6326,320658,person,1,0.041941488981246944,person,someone,1
12422,13061,person,1,0.04183329567313193,people,someone,1
6332,321118,remote,1,0.041744406223297115,remote,a device,1
5346,183364,cell phone,1,0.04171387374401092,cell phone,A device,1
14030,245383,car,1,0.041680100262165065,car,A vehicle,1
765,108193,person,1,0.04148966342210769,people,someone,1
3130,447546,cup,1,0.041257958114147175,cups,some items,1
11032,402077,dining table,1,0.041222765296697605,dining table,a surface,1
2691,381870,handbag,1,0.04114760726690292,handbag,an item,1
11584,475879,tie,1,0.04111707042902707,tie,An item,1
6084,291245,cell phone,1,0.040884802937507625,cell phone,a device,1
5134,154254,cell phone,1,0.040726910233497615,cell phone,a device,1
11407,449594,dining table,0,0.040613576024770726,dining table,A surface,1
14989,379144,car,1,0.04060907185077667,car,a vehicle,1
