method,score,selection_rate,selected_rows,detector_calls,detector_call_savings,split,subset,samples,tp,fp,tn,fn,accuracy,mcc,tpr,fpr,tnr,precision,f1,yes_rate
vanilla_base,anchor,0.0,0,0,1.0,macro,all,9000,3658,391,4109,842,0.863,0.729673851023138,0.8128888888888889,0.08688888888888889,0.9131111111111111,0.9034329464065202,0.855772604983039,0.4498888888888889
vanilla_base,anchor,0.0,0,0,1.0,macro,negative_related_present,3092,0,352,2740,0,0.8861578266494179,0.0,0.0,0.11384217335058215,0.8861578266494179,0.0,0.0,0.11384217335058215
vanilla_base,anchor,0.0,0,0,1.0,random,all,3000,1220,55,1445,280,0.8883333333333333,0.7855544321322164,0.8133333333333334,0.03666666666666667,0.9633333333333334,0.9568627450980393,0.8792792792792793,0.425
vanilla_base,anchor,0.0,0,0,1.0,random,negative_related_present,840,0,46,794,0,0.9452380952380952,0.0,0.0,0.05476190476190476,0.9452380952380952,0.0,0.0,0.05476190476190476
vanilla_base,anchor,0.0,0,0,1.0,popular,all,3000,1220,116,1384,280,0.868,0.7404388256548138,0.8133333333333334,0.07733333333333334,0.9226666666666666,0.9131736526946108,0.8603667136812412,0.44533333333333336
vanilla_base,anchor,0.0,0,0,1.0,popular,negative_related_present,980,0,98,882,0,0.9,0.0,0.0,0.1,0.9,0.0,0.0,0.1
vanilla_base,anchor,0.0,0,0,1.0,adversarial,all,3000,1218,220,1280,282,0.8326666666666667,0.6659024051264104,0.812,0.14666666666666667,0.8533333333333334,0.847009735744089,0.829135466303608,0.47933333333333333
vanilla_base,anchor,0.0,0,0,1.0,adversarial,negative_related_present,1272,0,208,1064,0,0.8364779874213837,0.0,0.0,0.16352201257861634,0.8364779874213837,0.0,0.0,0.16352201257861634
full_tdev,anchor,1.0,9000,9000,0.0,macro,all,9000,3629,231,4269,871,0.8775555555555555,0.7628658302177469,0.8064444444444444,0.051333333333333335,0.9486666666666667,0.9401554404145078,0.8681818181818183,0.4288888888888889
full_tdev,anchor,1.0,9000,9000,0.0,macro,negative_related_present,3092,0,214,2878,0,0.9307891332470892,0.0,0.0,0.06921086675291074,0.9307891332470892,0.0,0.0,0.06921086675291074
full_tdev,anchor,1.0,9000,9000,0.0,random,all,3000,1210,29,1471,290,0.8936666666666667,0.7995296362896048,0.8066666666666666,0.019333333333333334,0.9806666666666667,0.976594027441485,0.8835341365461847,0.413
full_tdev,anchor,1.0,9000,9000,0.0,random,negative_related_present,840,0,25,815,0,0.9702380952380952,0.0,0.0,0.02976190476190476,0.9702380952380952,0.0,0.0,0.02976190476190476
full_tdev,anchor,1.0,9000,9000,0.0,popular,all,3000,1210,63,1437,290,0.8823333333333333,0.7735761066657176,0.8066666666666666,0.042,0.958,0.950510604870385,0.8727010457987739,0.42433333333333334
full_tdev,anchor,1.0,9000,9000,0.0,popular,negative_related_present,980,0,56,924,0,0.9428571428571428,0.0,0.0,0.05714285714285714,0.9428571428571428,0.0,0.0,0.05714285714285714
full_tdev,anchor,1.0,9000,9000,0.0,adversarial,all,3000,1209,139,1361,291,0.8566666666666667,0.717024194183559,0.806,0.09266666666666666,0.9073333333333333,0.8968842729970327,0.8490168539325843,0.4493333333333333
full_tdev,anchor,1.0,9000,9000,0.0,adversarial,negative_related_present,1272,0,133,1139,0,0.8954402515723271,0.0,0.0,0.10455974842767296,0.8954402515723271,0.0,0.0,0.10455974842767296
lh_to_tdev_all,lh_shape_pope_layers_22_31,0.25,2250,2250,0.75,macro,all,9000,3656,369,4131,844,0.8652222222222222,0.7345480652766225,0.8124444444444444,0.082,0.918,0.9083229813664596,0.8577126099706744,0.44722222222222224
lh_to_tdev_all,lh_shape_pope_layers_22_31,0.25,2250,2250,0.75,macro,negative_related_present,3092,0,333,2759,0,0.8923027166882277,0.0,0.0,0.10769728331177232,0.8923027166882277,0.0,0.0,0.10769728331177232
lh_to_tdev_all,lh_shape_pope_layers_22_31,0.25,2250,2250,0.75,random,all,3000,1219,49,1451,281,0.89,0.7895002850241306,0.8126666666666666,0.03266666666666666,0.9673333333333334,0.9613564668769716,0.8807803468208093,0.4226666666666667
lh_to_tdev_all,lh_shape_pope_layers_22_31,0.25,2250,2250,0.75,random,negative_related_present,840,0,41,799,0,0.9511904761904761,0.0,0.0,0.04880952380952381,0.9511904761904761,0.0,0.0,0.04880952380952381
lh_to_tdev_all,lh_shape_pope_layers_22_31,0.25,2250,2250,0.75,popular,all,3000,1219,108,1392,281,0.8703333333333333,0.7456424538763519,0.8126666666666666,0.072,0.928,0.9186134137151469,0.8623983020870181,0.44233333333333336
lh_to_tdev_all,lh_shape_pope_layers_22_31,0.25,2250,2250,0.75,popular,negative_related_present,980,0,92,888,0,0.9061224489795918,0.0,0.0,0.09387755102040816,0.9061224489795918,0.0,0.0,0.09387755102040816
lh_to_tdev_all,lh_shape_pope_layers_22_31,0.25,2250,2250,0.75,adversarial,all,3000,1218,212,1288,282,0.8353333333333334,0.6713981431100662,0.812,0.14133333333333334,0.8586666666666667,0.8517482517482518,0.8313993174061434,0.4766666666666667
lh_to_tdev_all,lh_shape_pope_layers_22_31,0.25,2250,2250,0.75,adversarial,negative_related_present,1272,0,200,1072,0,0.8427672955974843,0.0,0.0,0.15723270440251572,0.8427672955974843,0.0,0.0,0.15723270440251572
lh_to_tdev_base_yes,lh_shape_pope_layers_22_31,0.25,1013,1013,0.8874444444444445,macro,all,9000,3638,304,4196,862,0.8704444444444445,0.7466513815414448,0.8084444444444444,0.06755555555555555,0.9324444444444444,0.9228817858954845,0.8618810708362946,0.438
lh_to_tdev_base_yes,lh_shape_pope_layers_22_31,0.25,1013,1013,0.8874444444444445,macro,negative_related_present,3092,0,281,2811,0,0.9091203104786546,0.0,0.0,0.09087968952134541,0.9091203104786546,0.0,0.0,0.09087968952134541
lh_to_tdev_base_yes,lh_shape_pope_layers_22_31,0.25,1013,1013,0.8874444444444445,random,all,3000,1213,37,1463,287,0.892,0.7951211228485884,0.8086666666666666,0.024666666666666667,0.9753333333333334,0.9704,0.8821818181818182,0.4166666666666667
lh_to_tdev_base_yes,lh_shape_pope_layers_22_31,0.25,1013,1013,0.8874444444444445,random,negative_related_present,840,0,32,808,0,0.9619047619047619,0.0,0.0,0.0380952380952381,0.9619047619047619,0.0,0.0,0.0380952380952381
lh_to_tdev_base_yes,lh_shape_pope_layers_22_31,0.25,1013,1013,0.8874444444444445,popular,all,3000,1213,83,1417,287,0.8766666666666667,0.7603983179388965,0.8086666666666666,0.05533333333333333,0.9446666666666667,0.9359567901234568,0.8676680972818313,0.432
lh_to_tdev_base_yes,lh_shape_pope_layers_22_31,0.25,1013,1013,0.8874444444444445,popular,negative_related_present,980,0,73,907,0,0.9255102040816326,0.0,0.0,0.07448979591836735,0.9255102040816326,0.0,0.0,0.07448979591836735
lh_to_tdev_base_yes,lh_shape_pope_layers_22_31,0.25,1013,1013,0.8874444444444445,adversarial,all,3000,1212,184,1316,288,0.8426666666666667,0.6869865328026498,0.808,0.12266666666666666,0.8773333333333333,0.8681948424068768,0.8370165745856354,0.4653333333333333
lh_to_tdev_base_yes,lh_shape_pope_layers_22_31,0.25,1013,1013,0.8874444444444445,adversarial,negative_related_present,1272,0,176,1096,0,0.8616352201257862,0.0,0.0,0.13836477987421383,0.8616352201257862,0.0,0.0,0.13836477987421383
lh_alone_base_yes_suppress,lh_shape_pope_layers_22_31,0.25,1013,0,1.0,macro,all,9000,2834,202,4298,1666,0.7924444444444444,0.6185377125758402,0.6297777777777778,0.04488888888888889,0.9551111111111111,0.9334650856389987,0.7521231422505308,0.3373333333333333
lh_alone_base_yes_suppress,lh_shape_pope_layers_22_31,0.25,1013,0,1.0,macro,negative_related_present,3092,0,191,2901,0,0.9382276843467011,0.0,0.0,0.06177231565329883,0.9382276843467011,0.0,0.0,0.06177231565329883
lh_alone_base_yes_suppress,lh_shape_pope_layers_22_31,0.25,1013,0,1.0,random,all,3000,945,24,1476,555,0.807,0.6565121681820618,0.63,0.016,0.984,0.9752321981424149,0.7654921020656137,0.323
lh_alone_base_yes_suppress,lh_shape_pope_layers_22_31,0.25,1013,0,1.0,random,negative_related_present,840,0,22,818,0,0.9738095238095238,0.0,0.0,0.02619047619047619,0.9738095238095238,0.0,0.0,0.02619047619047619
lh_alone_base_yes_suppress,lh_shape_pope_layers_22_31,0.25,1013,0,1.0,popular,all,3000,945,54,1446,555,0.797,0.6301898667891573,0.63,0.036,0.964,0.9459459459459459,0.7563025210084033,0.333
lh_alone_base_yes_suppress,lh_shape_pope_layers_22_31,0.25,1013,0,1.0,popular,negative_related_present,980,0,49,931,0,0.95,0.0,0.0,0.05,0.95,0.0,0.0,0.05
lh_alone_base_yes_suppress,lh_shape_pope_layers_22_31,0.25,1013,0,1.0,adversarial,all,3000,944,124,1376,556,0.7733333333333333,0.5708534958800052,0.6293333333333333,0.08266666666666667,0.9173333333333333,0.8838951310861424,0.7352024922118381,0.356
lh_alone_base_yes_suppress,lh_shape_pope_layers_22_31,0.25,1013,0,1.0,adversarial,negative_related_present,1272,0,120,1152,0,0.9056603773584906,0.0,0.0,0.09433962264150944,0.9056603773584906,0.0,0.0,0.09433962264150944
lh_to_tdev_all,lh_shape_pope_layers_22_31,0.5,4500,4500,0.5,macro,all,9000,3656,320,4180,844,0.8706666666666667,0.7464110131874171,0.8124444444444444,0.07111111111111111,0.9288888888888889,0.9195171026156942,0.8626710712600283,0.44177777777777777
lh_to_tdev_all,lh_shape_pope_layers_22_31,0.5,4500,4500,0.5,macro,negative_related_present,3092,0,296,2796,0,0.9042690815006468,0.0,0.0,0.09573091849935317,0.9042690815006468,0.0,0.0,0.09573091849935317
lh_to_tdev_all,lh_shape_pope_layers_22_31,0.5,4500,4500,0.5,random,all,3000,1219,41,1459,281,0.8926666666666667,0.7955828153344341,0.8126666666666666,0.027333333333333334,0.9726666666666667,0.9674603174603175,0.8833333333333334,0.42
lh_to_tdev_all,lh_shape_pope_layers_22_31,0.5,4500,4500,0.5,random,negative_related_present,840,0,35,805,0,0.9583333333333334,0.0,0.0,0.041666666666666664,0.9583333333333334,0.0,0.0,0.041666666666666664
lh_to_tdev_all,lh_shape_pope_layers_22_31,0.5,4500,4500,0.5,popular,all,3000,1219,88,1412,281,0.877,0.7603198554825001,0.8126666666666666,0.058666666666666666,0.9413333333333334,0.9326702371843917,0.8685429283933024,0.43566666666666665
lh_to_tdev_all,lh_shape_pope_layers_22_31,0.5,4500,4500,0.5,popular,negative_related_present,980,0,78,902,0,0.9204081632653062,0.0,0.0,0.07959183673469387,0.9204081632653062,0.0,0.0,0.07959183673469387
lh_to_tdev_all,lh_shape_pope_layers_22_31,0.5,4500,4500,0.5,adversarial,all,3000,1218,191,1309,282,0.8423333333333334,0.6859300940337532,0.812,0.12733333333333333,0.8726666666666667,0.8644428672817601,0.8374011687865246,0.4696666666666667
lh_to_tdev_all,lh_shape_pope_layers_22_31,0.5,4500,4500,0.5,adversarial,negative_related_present,1272,0,183,1089,0,0.8561320754716981,0.0,0.0,0.14386792452830188,0.8561320754716981,0.0,0.0,0.14386792452830188
lh_to_tdev_base_yes,lh_shape_pope_layers_22_31,0.5,2025,2025,0.775,macro,all,9000,3606,250,4250,894,0.8728888888888889,0.7535341853213775,0.8013333333333333,0.05555555555555555,0.9444444444444444,0.9351659751037344,0.8630923887027286,0.42844444444444446
lh_to_tdev_base_yes,lh_shape_pope_layers_22_31,0.5,2025,2025,0.775,macro,negative_related_present,3092,0,231,2861,0,0.9252910737386805,0.0,0.0,0.07470892626131953,0.9252910737386805,0.0,0.0,0.07470892626131953
lh_to_tdev_base_yes,lh_shape_pope_layers_22_31,0.5,2025,2025,0.775,random,all,3000,1202,30,1470,298,0.8906666666666667,0.7941108455523068,0.8013333333333333,0.02,0.98,0.9756493506493507,0.8799414348462664,0.4106666666666667
lh_to_tdev_base_yes,lh_shape_pope_layers_22_31,0.5,2025,2025,0.775,random,negative_related_present,840,0,26,814,0,0.969047619047619,0.0,0.0,0.030952380952380953,0.969047619047619,0.0,0.0,0.030952380952380953
lh_to_tdev_base_yes,lh_shape_pope_layers_22_31,0.5,2025,2025,0.775,popular,all,3000,1202,68,1432,298,0.878,0.7650470458644176,0.8013333333333333,0.04533333333333334,0.9546666666666667,0.9464566929133859,0.867870036101083,0.42333333333333334
lh_to_tdev_base_yes,lh_shape_pope_layers_22_31,0.5,2025,2025,0.775,popular,negative_related_present,980,0,60,920,0,0.9387755102040817,0.0,0.0,0.061224489795918366,0.9387755102040817,0.0,0.0,0.061224489795918366
lh_to_tdev_base_yes,lh_shape_pope_layers_22_31,0.5,2025,2025,0.775,adversarial,all,3000,1202,152,1348,298,0.85,0.703339569801533,0.8013333333333333,0.10133333333333333,0.8986666666666666,0.8877400295420975,0.8423265592151367,0.4513333333333333
lh_to_tdev_base_yes,lh_shape_pope_layers_22_31,0.5,2025,2025,0.775,adversarial,negative_related_present,1272,0,145,1127,0,0.8860062893081762,0.0,0.0,0.1139937106918239,0.8860062893081762,0.0,0.0,0.1139937106918239
lh_alone_base_yes_suppress,lh_shape_pope_layers_22_31,0.5,2025,0,1.0,macro,all,9000,1942,82,4418,2558,0.7066666666666667,0.4949991511364187,0.4315555555555556,0.018222222222222223,0.9817777777777777,0.9594861660079052,0.595340282035561,0.2248888888888889
lh_alone_base_yes_suppress,lh_shape_pope_layers_22_31,0.5,2025,0,1.0,macro,negative_related_present,3092,0,79,3013,0,0.9744501940491591,0.0,0.0,0.02554980595084088,0.9744501940491591,0.0,0.0,0.02554980595084088
lh_alone_base_yes_suppress,lh_shape_pope_layers_22_31,0.5,2025,0,1.0,random,all,3000,647,12,1488,853,0.7116666666666667,0.5112464568049446,0.43133333333333335,0.008,0.992,0.9817905918057663,0.5993515516442798,0.21966666666666668
lh_alone_base_yes_suppress,lh_shape_pope_layers_22_31,0.5,2025,0,1.0,random,negative_related_present,840,0,12,828,0,0.9857142857142858,0.0,0.0,0.014285714285714285,0.9857142857142858,0.0,0.0,0.014285714285714285
lh_alone_base_yes_suppress,lh_shape_pope_layers_22_31,0.5,2025,0,1.0,popular,all,3000,647,21,1479,853,0.7086666666666667,0.5015587703049794,0.43133333333333335,0.014,0.986,0.968562874251497,0.5968634686346864,0.22266666666666668
lh_alone_base_yes_suppress,lh_shape_pope_layers_22_31,0.5,2025,0,1.0,popular,negative_related_present,980,0,20,960,0,0.9795918367346939,0.0,0.0,0.02040816326530612,0.9795918367346939,0.0,0.0,0.02040816326530612
lh_alone_base_yes_suppress,lh_shape_pope_layers_22_31,0.5,2025,0,1.0,adversarial,all,3000,648,49,1451,852,0.6996666666666667,0.47278475514787716,0.432,0.03266666666666666,0.9673333333333334,0.9296987087517934,0.589895311788803,0.23233333333333334
lh_alone_base_yes_suppress,lh_shape_pope_layers_22_31,0.5,2025,0,1.0,adversarial,negative_related_present,1272,0,47,1225,0,0.9630503144654088,0.0,0.0,0.036949685534591194,0.9630503144654088,0.0,0.0,0.036949685534591194
lh_to_tdev_all,lh_shape_pope_layers_22_31,0.75,6750,6750,0.25,macro,all,9000,3657,250,4250,843,0.8785555555555555,0.7637717482340644,0.8126666666666666,0.05555555555555555,0.9444444444444444,0.9360122856411569,0.8699892946354227,0.4341111111111111
lh_to_tdev_all,lh_shape_pope_layers_22_31,0.75,6750,6750,0.25,macro,negative_related_present,3092,0,231,2861,0,0.9252910737386805,0.0,0.0,0.07470892626131953,0.9252910737386805,0.0,0.0,0.07470892626131953
lh_to_tdev_all,lh_shape_pope_layers_22_31,0.75,6750,6750,0.25,random,all,3000,1219,30,1470,281,0.8963333333333333,0.8040028021766263,0.8126666666666666,0.02,0.98,0.9759807846277022,0.8868679519825391,0.41633333333333333
lh_to_tdev_all,lh_shape_pope_layers_22_31,0.75,6750,6750,0.25,random,negative_related_present,840,0,26,814,0,0.969047619047619,0.0,0.0,0.030952380952380953,0.969047619047619,0.0,0.0,0.030952380952380953
lh_to_tdev_all,lh_shape_pope_layers_22_31,0.75,6750,6750,0.25,popular,all,3000,1219,68,1432,281,0.8836666666666667,0.7751885846185727,0.8126666666666666,0.04533333333333334,0.9546666666666667,0.9471639471639471,0.8747757445281664,0.429
lh_to_tdev_all,lh_shape_pope_layers_22_31,0.75,6750,6750,0.25,popular,negative_related_present,980,0,60,920,0,0.9387755102040817,0.0,0.0,0.061224489795918366,0.9387755102040817,0.0,0.0,0.061224489795918366
lh_to_tdev_all,lh_shape_pope_layers_22_31,0.75,6750,6750,0.25,adversarial,all,3000,1219,152,1348,281,0.8556666666666667,0.7139785259604879,0.8126666666666666,0.10133333333333333,0.8986666666666666,0.8891320204230488,0.8491814698711251,0.457
lh_to_tdev_all,lh_shape_pope_layers_22_31,0.75,6750,6750,0.25,adversarial,negative_related_present,1272,0,145,1127,0,0.8860062893081762,0.0,0.0,0.1139937106918239,0.8860062893081762,0.0,0.0,0.1139937106918239
lh_to_tdev_base_yes,lh_shape_pope_layers_22_31,0.75,3037,3037,0.6625555555555556,macro,all,9000,3581,231,4269,919,0.8722222222222222,0.7533007110133778,0.7957777777777778,0.051333333333333335,0.9486666666666667,0.939401888772298,0.861645813282002,0.4235555555555556
lh_to_tdev_base_yes,lh_shape_pope_layers_22_31,0.75,3037,3037,0.6625555555555556,macro,negative_related_present,3092,0,214,2878,0,0.9307891332470892,0.0,0.0,0.06921086675291074,0.9307891332470892,0.0,0.0,0.06921086675291074
lh_to_tdev_base_yes,lh_shape_pope_layers_22_31,0.75,3037,3037,0.6625555555555556,random,all,3000,1194,28,1472,306,0.8886666666666667,0.7910374944643964,0.796,0.018666666666666668,0.9813333333333333,0.9770867430441899,0.8772961058045555,0.4073333333333333
lh_to_tdev_base_yes,lh_shape_pope_layers_22_31,0.75,3037,3037,0.6625555555555556,random,negative_related_present,840,0,24,816,0,0.9714285714285714,0.0,0.0,0.02857142857142857,0.9714285714285714,0.0,0.0,0.02857142857142857
lh_to_tdev_base_yes,lh_shape_pope_layers_22_31,0.75,3037,3037,0.6625555555555556,popular,all,3000,1194,63,1437,306,0.877,0.7640930905726349,0.796,0.042,0.958,0.9498806682577565,0.8661588683351469,0.419
lh_to_tdev_base_yes,lh_shape_pope_layers_22_31,0.75,3037,3037,0.6625555555555556,popular,negative_related_present,980,0,56,924,0,0.9428571428571428,0.0,0.0,0.05714285714285714,0.9428571428571428,0.0,0.0,0.05714285714285714
lh_to_tdev_base_yes,lh_shape_pope_layers_22_31,0.75,3037,3037,0.6625555555555556,adversarial,all,3000,1193,140,1360,307,0.851,0.7063915517619611,0.7953333333333333,0.09333333333333334,0.9066666666666666,0.894973743435859,0.8422167313801624,0.44433333333333336
lh_to_tdev_base_yes,lh_shape_pope_layers_22_31,0.75,3037,3037,0.6625555555555556,adversarial,negative_related_present,1272,0,134,1138,0,0.8946540880503144,0.0,0.0,0.10534591194968554,0.8946540880503144,0.0,0.0,0.10534591194968554
lh_alone_base_yes_suppress,lh_shape_pope_layers_22_31,0.75,3037,0,1.0,macro,all,9000,989,23,4477,3511,0.6073333333333333,0.33975655315163217,0.21977777777777777,0.005111111111111111,0.9948888888888889,0.9772727272727273,0.35885341074020316,0.11244444444444444
lh_alone_base_yes_suppress,lh_shape_pope_layers_22_31,0.75,3037,0,1.0,macro,negative_related_present,3092,0,22,3070,0,0.9928848641655886,0.0,0.0,0.0071151358344113845,0.9928848641655886,0.0,0.0,0.0071151358344113845
lh_alone_base_yes_suppress,lh_shape_pope_layers_22_31,0.75,3037,0,1.0,random,all,3000,329,3,1497,1171,0.6086666666666667,0.3463822632792348,0.21933333333333332,0.002,0.998,0.9909638554216867,0.35917030567685587,0.11066666666666666
lh_alone_base_yes_suppress,lh_shape_pope_layers_22_31,0.75,3037,0,1.0,random,negative_related_present,840,0,3,837,0,0.9964285714285714,0.0,0.0,0.0035714285714285713,0.9964285714285714,0.0,0.0,0.0035714285714285713
lh_alone_base_yes_suppress,lh_shape_pope_layers_22_31,0.75,3037,0,1.0,popular,all,3000,330,5,1495,1170,0.6083333333333333,0.34396349312301056,0.22,0.0033333333333333335,0.9966666666666667,0.9850746268656716,0.35967302452316074,0.11166666666666666
lh_alone_base_yes_suppress,lh_shape_pope_layers_22_31,0.75,3037,0,1.0,popular,negative_related_present,980,0,5,975,0,0.9948979591836735,0.0,0.0,0.00510204081632653,0.9948979591836735,0.0,0.0,0.00510204081632653
lh_alone_base_yes_suppress,lh_shape_pope_layers_22_31,0.75,3037,0,1.0,adversarial,all,3000,330,15,1485,1170,0.605,0.3291309653254087,0.22,0.01,0.99,0.9565217391304348,0.35772357723577236,0.115
lh_alone_base_yes_suppress,lh_shape_pope_layers_22_31,0.75,3037,0,1.0,adversarial,negative_related_present,1272,0,14,1258,0,0.9889937106918238,0.0,0.0,0.0110062893081761,0.9889937106918238,0.0,0.0,0.0110062893081761
lh_to_tdev_all,prompt_token_pos,0.25,2250,2250,0.75,macro,all,9000,3653,367,4133,847,0.8651111111111112,0.7344121635692872,0.8117777777777778,0.08155555555555556,0.9184444444444444,0.9087064676616915,0.8575117370892018,0.44666666666666666
lh_to_tdev_all,prompt_token_pos,0.25,2250,2250,0.75,macro,negative_related_present,3092,0,331,2761,0,0.8929495472186287,0.0,0.0,0.10705045278137128,0.8929495472186287,0.0,0.0,0.10705045278137128
lh_to_tdev_all,prompt_token_pos,0.25,2250,2250,0.75,random,all,3000,1219,48,1452,281,0.8903333333333333,0.790258737420365,0.8126666666666666,0.032,0.968,0.9621152328334649,0.8810986628117093,0.42233333333333334
lh_to_tdev_all,prompt_token_pos,0.25,2250,2250,0.75,random,negative_related_present,840,0,40,800,0,0.9523809523809523,0.0,0.0,0.047619047619047616,0.9523809523809523,0.0,0.0,0.047619047619047616
lh_to_tdev_all,prompt_token_pos,0.25,2250,2250,0.75,popular,all,3000,1218,109,1391,282,0.8696666666666667,0.7443001632303099,0.812,0.07266666666666667,0.9273333333333333,0.9178598342125094,0.8616908383445349,0.44233333333333336
lh_to_tdev_all,prompt_token_pos,0.25,2250,2250,0.75,popular,negative_related_present,980,0,92,888,0,0.9061224489795918,0.0,0.0,0.09387755102040816,0.9061224489795918,0.0,0.0,0.09387755102040816
lh_to_tdev_all,prompt_token_pos,0.25,2250,2250,0.75,adversarial,all,3000,1216,210,1290,284,0.8353333333333334,0.6714842862127484,0.8106666666666666,0.14,0.86,0.85273492286115,0.8311688311688311,0.47533333333333333
lh_to_tdev_all,prompt_token_pos,0.25,2250,2250,0.75,adversarial,negative_related_present,1272,0,199,1073,0,0.8435534591194969,0.0,0.0,0.15644654088050314,0.8435534591194969,0.0,0.0,0.15644654088050314
lh_to_tdev_base_yes,prompt_token_pos,0.25,1013,1013,0.8874444444444445,macro,all,9000,3632,360,4140,868,0.8635555555555555,0.7317889857713503,0.8071111111111111,0.08,0.92,0.9098196392785571,0.8553933113518606,0.44355555555555554
lh_to_tdev_base_yes,prompt_token_pos,0.25,1013,1013,0.8874444444444445,macro,negative_related_present,3092,0,325,2767,0,0.8948900388098319,0.0,0.0,0.10510996119016817,0.8948900388098319,0.0,0.0,0.10510996119016817
lh_to_tdev_base_yes,prompt_token_pos,0.25,1013,1013,0.8874444444444445,random,all,3000,1208,41,1459,292,0.889,0.7891263836334087,0.8053333333333333,0.027333333333333334,0.9726666666666667,0.967173738991193,0.878865041833394,0.41633333333333333
lh_to_tdev_base_yes,prompt_token_pos,0.25,1013,1013,0.8874444444444445,random,negative_related_present,840,0,34,806,0,0.9595238095238096,0.0,0.0,0.04047619047619048,0.9595238095238096,0.0,0.0,0.04047619047619048
lh_to_tdev_base_yes,prompt_token_pos,0.25,1013,1013,0.8874444444444445,popular,all,3000,1213,109,1391,287,0.868,0.7412374743060757,0.8086666666666666,0.07266666666666667,0.9273333333333333,0.9175491679273827,0.859673990077959,0.44066666666666665
lh_to_tdev_base_yes,prompt_token_pos,0.25,1013,1013,0.8874444444444445,popular,negative_related_present,980,0,92,888,0,0.9061224489795918,0.0,0.0,0.09387755102040816,0.9061224489795918,0.0,0.0,0.09387755102040816
lh_to_tdev_base_yes,prompt_token_pos,0.25,1013,1013,0.8874444444444445,adversarial,all,3000,1211,210,1290,289,0.8336666666666667,0.6682607803640881,0.8073333333333333,0.14,0.86,0.8522167487684729,0.8291680931187949,0.4736666666666667
lh_to_tdev_base_yes,prompt_token_pos,0.25,1013,1013,0.8874444444444445,adversarial,negative_related_present,1272,0,199,1073,0,0.8435534591194969,0.0,0.0,0.15644654088050314,0.8435534591194969,0.0,0.0,0.15644654088050314
lh_alone_base_yes_suppress,prompt_token_pos,0.25,1013,0,1.0,macro,all,9000,2723,313,4187,1777,0.7677777777777778,0.5663662185819814,0.6051111111111112,0.06955555555555555,0.9304444444444444,0.8969038208168643,0.7226645435244161,0.3373333333333333
lh_alone_base_yes_suppress,prompt_token_pos,0.25,1013,0,1.0,macro,negative_related_present,3092,0,283,2809,0,0.9084734799482536,0.0,0.0,0.09152652005174644,0.9084734799482536,0.0,0.0,0.09152652005174644
lh_alone_base_yes_suppress,prompt_token_pos,0.25,1013,0,1.0,random,all,3000,622,23,1477,878,0.6996666666666667,0.4860170548041766,0.4146666666666667,0.015333333333333332,0.9846666666666667,0.9643410852713178,0.57995337995338,0.215
lh_alone_base_yes_suppress,prompt_token_pos,0.25,1013,0,1.0,random,negative_related_present,840,0,19,821,0,0.9773809523809524,0.0,0.0,0.02261904761904762,0.9773809523809524,0.0,0.0,0.02261904761904762
lh_alone_base_yes_suppress,prompt_token_pos,0.25,1013,0,1.0,popular,all,3000,1049,98,1402,451,0.817,0.652320607146613,0.6993333333333334,0.06533333333333333,0.9346666666666666,0.9145597210113339,0.7925953910086891,0.38233333333333336
lh_alone_base_yes_suppress,prompt_token_pos,0.25,1013,0,1.0,popular,negative_related_present,980,0,82,898,0,0.9163265306122449,0.0,0.0,0.0836734693877551,0.9163265306122449,0.0,0.0,0.0836734693877551
lh_alone_base_yes_suppress,prompt_token_pos,0.25,1013,0,1.0,adversarial,all,3000,1052,192,1308,448,0.7866666666666666,0.5818700520186179,0.7013333333333334,0.128,0.872,0.8456591639871383,0.7667638483965015,0.4146666666666667
lh_alone_base_yes_suppress,prompt_token_pos,0.25,1013,0,1.0,adversarial,negative_related_present,1272,0,182,1090,0,0.8569182389937107,0.0,0.0,0.1430817610062893,0.8569182389937107,0.0,0.0,0.1430817610062893
lh_to_tdev_all,prompt_token_pos,0.5,4500,4500,0.5,macro,all,9000,3655,318,4182,845,0.8707777777777778,0.7466936903655631,0.8122222222222222,0.07066666666666667,0.9293333333333333,0.9199597281651145,0.8627404697273693,0.4414444444444444
lh_to_tdev_all,prompt_token_pos,0.5,4500,4500,0.5,macro,negative_related_present,3092,0,283,2809,0,0.9084734799482536,0.0,0.0,0.09152652005174644,0.9084734799482536,0.0,0.0,0.09152652005174644
lh_to_tdev_all,prompt_token_pos,0.5,4500,4500,0.5,random,all,3000,1220,41,1459,280,0.893,0.7961712129489543,0.8133333333333334,0.027333333333333334,0.9726666666666667,0.9674861221252974,0.883737776168055,0.42033333333333334
lh_to_tdev_all,prompt_token_pos,0.5,4500,4500,0.5,random,negative_related_present,840,0,34,806,0,0.9595238095238096,0.0,0.0,0.04047619047619048,0.9595238095238096,0.0,0.0,0.04047619047619048
lh_to_tdev_all,prompt_token_pos,0.5,4500,4500,0.5,popular,all,3000,1218,104,1396,282,0.8713333333333333,0.7479515818631959,0.812,0.06933333333333333,0.9306666666666666,0.9213313161875946,0.8632175761871015,0.44066666666666665
lh_to_tdev_all,prompt_token_pos,0.5,4500,4500,0.5,popular,negative_related_present,980,0,87,893,0,0.9112244897959184,0.0,0.0,0.08877551020408163,0.9112244897959184,0.0,0.0,0.08877551020408163
lh_to_tdev_all,prompt_token_pos,0.5,4500,4500,0.5,adversarial,all,3000,1217,173,1327,283,0.848,0.6978790489028438,0.8113333333333334,0.11533333333333333,0.8846666666666667,0.8755395683453238,0.8422145328719723,0.4633333333333333
lh_to_tdev_all,prompt_token_pos,0.5,4500,4500,0.5,adversarial,negative_related_present,1272,0,162,1110,0,0.8726415094339622,0.0,0.0,0.12735849056603774,0.8726415094339622,0.0,0.0,0.12735849056603774
lh_to_tdev_base_yes,prompt_token_pos,0.5,2025,2025,0.775,macro,all,9000,3623,316,4184,877,0.8674444444444445,0.7406670691005821,0.8051111111111111,0.07022222222222223,0.9297777777777778,0.9197765930439198,0.8586325394004028,0.43766666666666665
lh_to_tdev_base_yes,prompt_token_pos,0.5,2025,2025,0.775,macro,negative_related_present,3092,0,281,2811,0,0.9091203104786546,0.0,0.0,0.09087968952134541,0.9091203104786546,0.0,0.0,0.09087968952134541
lh_to_tdev_base_yes,prompt_token_pos,0.5,2025,2025,0.775,random,all,3000,1208,40,1460,292,0.8893333333333333,0.7898934256794545,0.8053333333333333,0.02666666666666667,0.9733333333333334,0.967948717948718,0.8791848617176129,0.416
lh_to_tdev_base_yes,prompt_token_pos,0.5,2025,2025,0.775,random,negative_related_present,840,0,33,807,0,0.9607142857142857,0.0,0.0,0.039285714285714285,0.9607142857142857,0.0,0.0,0.039285714285714285
lh_to_tdev_base_yes,prompt_token_pos,0.5,2025,2025,0.775,popular,all,3000,1208,104,1396,292,0.868,0.7418497159400562,0.8053333333333333,0.06933333333333333,0.9306666666666666,0.9207317073170732,0.8591749644381224,0.43733333333333335
lh_to_tdev_base_yes,prompt_token_pos,0.5,2025,2025,0.775,popular,negative_related_present,980,0,87,893,0,0.9112244897959184,0.0,0.0,0.08877551020408163,0.9112244897959184,0.0,0.0,0.08877551020408163
lh_to_tdev_base_yes,prompt_token_pos,0.5,2025,2025,0.775,adversarial,all,3000,1207,172,1328,293,0.845,0.6922559692047563,0.8046666666666666,0.11466666666666667,0.8853333333333333,0.8752719361856418,0.838485585272664,0.45966666666666667
lh_to_tdev_base_yes,prompt_token_pos,0.5,2025,2025,0.775,adversarial,negative_related_present,1272,0,161,1111,0,0.8734276729559748,0.0,0.0,0.12657232704402516,0.8734276729559748,0.0,0.0,0.12657232704402516
lh_alone_base_yes_suppress,prompt_token_pos,0.5,2025,0,1.0,macro,all,9000,1841,183,4317,2659,0.6842222222222222,0.4412411788087001,0.4091111111111111,0.04066666666666666,0.9593333333333334,0.9095849802371542,0.5643776824034334,0.2248888888888889
lh_alone_base_yes_suppress,prompt_token_pos,0.5,2025,0,1.0,macro,negative_related_present,3092,0,156,2936,0,0.9495472186287193,0.0,0.0,0.050452781371280724,0.9495472186287193,0.0,0.0,0.050452781371280724
lh_alone_base_yes_suppress,prompt_token_pos,0.5,2025,0,1.0,random,all,3000,597,21,1479,903,0.692,0.47474168544333806,0.398,0.014,0.986,0.9660194174757282,0.5637393767705383,0.206
lh_alone_base_yes_suppress,prompt_token_pos,0.5,2025,0,1.0,random,negative_related_present,840,0,17,823,0,0.9797619047619047,0.0,0.0,0.02023809523809524,0.9797619047619047,0.0,0.0,0.02023809523809524
lh_alone_base_yes_suppress,prompt_token_pos,0.5,2025,0,1.0,popular,all,3000,622,82,1418,878,0.68,0.42473836251473795,0.4146666666666667,0.05466666666666667,0.9453333333333334,0.8835227272727273,0.5644283121597096,0.23466666666666666
lh_alone_base_yes_suppress,prompt_token_pos,0.5,2025,0,1.0,popular,negative_related_present,980,0,67,913,0,0.9316326530612244,0.0,0.0,0.06836734693877551,0.9316326530612244,0.0,0.0,0.06836734693877551
lh_alone_base_yes_suppress,prompt_token_pos,0.5,2025,0,1.0,adversarial,all,3000,622,80,1420,878,0.6806666666666666,0.42673249828731447,0.4146666666666667,0.05333333333333334,0.9466666666666667,0.886039886039886,0.5649409627611263,0.234
lh_alone_base_yes_suppress,prompt_token_pos,0.5,2025,0,1.0,adversarial,negative_related_present,1272,0,72,1200,0,0.9433962264150944,0.0,0.0,0.05660377358490566,0.9433962264150944,0.0,0.0,0.05660377358490566
lh_to_tdev_all,prompt_token_pos,0.75,6750,6750,0.25,macro,all,9000,3642,285,4215,858,0.873,0.7521222896091058,0.8093333333333333,0.06333333333333334,0.9366666666666666,0.9274255156608098,0.8643645425418299,0.43633333333333335
lh_to_tdev_all,prompt_token_pos,0.75,6750,6750,0.25,macro,negative_related_present,3092,0,259,2833,0,0.916235446313066,0.0,0.0,0.08376455368693403,0.916235446313066,0.0,0.0,0.08376455368693403
lh_to_tdev_all,prompt_token_pos,0.75,6750,6750,0.25,random,all,3000,1210,29,1471,290,0.8936666666666667,0.7995296362896048,0.8066666666666666,0.019333333333333334,0.9806666666666667,0.976594027441485,0.8835341365461847,0.413
lh_to_tdev_all,prompt_token_pos,0.75,6750,6750,0.25,random,negative_related_present,840,0,25,815,0,0.9702380952380952,0.0,0.0,0.02976190476190476,0.9702380952380952,0.0,0.0,0.02976190476190476
lh_to_tdev_all,prompt_token_pos,0.75,6750,6750,0.25,popular,all,3000,1215,83,1417,285,0.8773333333333333,0.7616041515457947,0.81,0.05533333333333333,0.9446666666666667,0.9360554699537751,0.8684774839170837,0.43266666666666664
lh_to_tdev_all,prompt_token_pos,0.75,6750,6750,0.25,popular,negative_related_present,980,0,72,908,0,0.926530612244898,0.0,0.0,0.07346938775510205,0.926530612244898,0.0,0.0,0.07346938775510205
lh_to_tdev_all,prompt_token_pos,0.75,6750,6750,0.25,adversarial,all,3000,1217,173,1327,283,0.848,0.6978790489028438,0.8113333333333334,0.11533333333333333,0.8846666666666667,0.8755395683453238,0.8422145328719723,0.4633333333333333
lh_to_tdev_all,prompt_token_pos,0.75,6750,6750,0.25,adversarial,negative_related_present,1272,0,162,1110,0,0.8726415094339622,0.0,0.0,0.12735849056603774,0.8726415094339622,0.0,0.0,0.12735849056603774
lh_to_tdev_base_yes,prompt_token_pos,0.75,3037,3037,0.6625555555555556,macro,all,9000,3596,283,4217,904,0.8681111111111111,0.7433342744271705,0.7991111111111111,0.06288888888888888,0.9371111111111111,0.9270430523330755,0.8583363169829336,0.431
lh_to_tdev_base_yes,prompt_token_pos,0.75,3037,3037,0.6625555555555556,macro,negative_related_present,3092,0,257,2835,0,0.916882276843467,0.0,0.0,0.08311772315653299,0.916882276843467,0.0,0.0,0.08311772315653299
lh_to_tdev_base_yes,prompt_token_pos,0.75,3037,3037,0.6625555555555556,random,all,3000,1190,28,1472,310,0.8873333333333333,0.7887304979148512,0.7933333333333333,0.018666666666666668,0.9813333333333333,0.9770114942528736,0.8756438557763062,0.406
lh_to_tdev_base_yes,prompt_token_pos,0.75,3037,3037,0.6625555555555556,random,negative_related_present,840,0,24,816,0,0.9714285714285714,0.0,0.0,0.02857142857142857,0.9714285714285714,0.0,0.0,0.02857142857142857
lh_to_tdev_base_yes,prompt_token_pos,0.75,3037,3037,0.6625555555555556,popular,all,3000,1199,83,1417,301,0.872,0.7519840035969201,0.7993333333333333,0.05533333333333333,0.9446666666666667,0.9352574102964119,0.8619698058950396,0.42733333333333334
lh_to_tdev_base_yes,prompt_token_pos,0.75,3037,3037,0.6625555555555556,popular,negative_related_present,980,0,72,908,0,0.926530612244898,0.0,0.0,0.07346938775510205,0.926530612244898,0.0,0.0,0.07346938775510205
lh_to_tdev_base_yes,prompt_token_pos,0.75,3037,3037,0.6625555555555556,adversarial,all,3000,1207,172,1328,293,0.845,0.6922559692047563,0.8046666666666666,0.11466666666666667,0.8853333333333333,0.8752719361856418,0.838485585272664,0.45966666666666667
lh_to_tdev_base_yes,prompt_token_pos,0.75,3037,3037,0.6625555555555556,adversarial,negative_related_present,1272,0,161,1111,0,0.8734276729559748,0.0,0.0,0.12657232704402516,0.8734276729559748,0.0,0.0,0.12657232704402516
lh_alone_base_yes_suppress,prompt_token_pos,0.75,3037,0,1.0,macro,all,9000,893,119,4381,3607,0.586,0.27222730035130777,0.19844444444444445,0.026444444444444444,0.9735555555555555,0.8824110671936759,0.3240203193033382,0.11244444444444444
lh_alone_base_yes_suppress,prompt_token_pos,0.75,3037,0,1.0,macro,negative_related_present,3092,0,103,2989,0,0.9666882276843467,0.0,0.0,0.0333117723156533,0.9666882276843467,0.0,0.0,0.0333117723156533
lh_alone_base_yes_suppress,prompt_token_pos,0.75,3037,0,1.0,random,all,3000,0,0,1500,1500,0.5,0.0,0.0,0.0,1.0,0.0,0.0,0.0
lh_alone_base_yes_suppress,prompt_token_pos,0.75,3037,0,1.0,random,negative_related_present,840,0,0,840,0,1.0,0.0,0.0,0.0,1.0,0.0,0.0,0.0
lh_alone_base_yes_suppress,prompt_token_pos,0.75,3037,0,1.0,popular,all,3000,271,39,1461,1229,0.5773333333333334,0.25405690201521025,0.18066666666666667,0.026,0.974,0.8741935483870967,0.29944751381215473,0.10333333333333333
lh_alone_base_yes_suppress,prompt_token_pos,0.75,3037,0,1.0,popular,negative_related_present,980,0,31,949,0,0.9683673469387755,0.0,0.0,0.03163265306122449,0.9683673469387755,0.0,0.0,0.03163265306122449
lh_alone_base_yes_suppress,prompt_token_pos,0.75,3037,0,1.0,adversarial,all,3000,622,80,1420,878,0.6806666666666666,0.42673249828731447,0.4146666666666667,0.05333333333333334,0.9466666666666667,0.886039886039886,0.5649409627611263,0.234
lh_alone_base_yes_suppress,prompt_token_pos,0.75,3037,0,1.0,adversarial,negative_related_present,1272,0,72,1200,0,0.9433962264150944,0.0,0.0,0.05660377358490566,0.9433962264150944,0.0,0.0,0.05660377358490566
lh_to_tdev_all,target_char_len,0.25,2250,2250,0.75,macro,all,9000,3648,335,4165,852,0.8681111111111111,0.74112972499936,0.8106666666666666,0.07444444444444444,0.9255555555555556,0.9158925433090636,0.8600730873511729,0.44255555555555554
lh_to_tdev_all,target_char_len,0.25,2250,2250,0.75,macro,negative_related_present,3092,0,305,2787,0,0.9013583441138422,0.0,0.0,0.09864165588615782,0.9013583441138422,0.0,0.0,0.09864165588615782
lh_to_tdev_all,target_char_len,0.25,2250,2250,0.75,random,all,3000,1216,44,1456,284,0.8906666666666667,0.7915306108420687,0.8106666666666666,0.029333333333333333,0.9706666666666667,0.9650793650793651,0.8811594202898549,0.42
lh_to_tdev_all,target_char_len,0.25,2250,2250,0.75,random,negative_related_present,840,0,36,804,0,0.9571428571428572,0.0,0.0,0.04285714285714286,0.9571428571428572,0.0,0.0,0.04285714285714286
lh_to_tdev_all,target_char_len,0.25,2250,2250,0.75,popular,all,3000,1218,91,1409,282,0.8756666666666667,0.7574993926626112,0.812,0.06066666666666667,0.9393333333333334,0.93048128342246,0.8672125311498756,0.43633333333333335
lh_to_tdev_all,target_char_len,0.25,2250,2250,0.75,popular,negative_related_present,980,0,79,901,0,0.9193877551020408,0.0,0.0,0.08061224489795918,0.9193877551020408,0.0,0.0,0.08061224489795918
lh_to_tdev_all,target_char_len,0.25,2250,2250,0.75,adversarial,all,3000,1214,200,1300,286,0.838,0.6771137901729976,0.8093333333333333,0.13333333333333333,0.8666666666666667,0.8585572842998586,0.8332189430336308,0.4713333333333333
lh_to_tdev_all,target_char_len,0.25,2250,2250,0.75,adversarial,negative_related_present,1272,0,190,1082,0,0.85062893081761,0.0,0.0,0.14937106918238993,0.85062893081761,0.0,0.0,0.14937106918238993
lh_to_tdev_base_yes,target_char_len,0.25,1013,1013,0.8874444444444445,macro,all,9000,3633,322,4178,867,0.8678888888888889,0.7412340334414261,0.8073333333333333,0.07155555555555555,0.9284444444444444,0.9185840707964602,0.8593731519810763,0.43944444444444447
lh_to_tdev_base_yes,target_char_len,0.25,1013,1013,0.8874444444444445,macro,negative_related_present,3092,0,292,2800,0,0.9055627425614489,0.0,0.0,0.0944372574385511,0.9055627425614489,0.0,0.0,0.0944372574385511
lh_to_tdev_base_yes,target_char_len,0.25,1013,1013,0.8874444444444445,random,all,3000,1210,44,1456,290,0.8886666666666667,0.788002621868291,0.8066666666666666,0.029333333333333333,0.9706666666666667,0.9649122807017544,0.878721859114016,0.418
lh_to_tdev_base_yes,target_char_len,0.25,1013,1013,0.8874444444444445,random,negative_related_present,840,0,36,804,0,0.9571428571428572,0.0,0.0,0.04285714285714286,0.9571428571428572,0.0,0.0,0.04285714285714286
lh_to_tdev_base_yes,target_char_len,0.25,1013,1013,0.8874444444444445,popular,all,3000,1212,90,1410,288,0.874,0.7546029902704109,0.808,0.06,0.94,0.9308755760368663,0.8650963597430407,0.434
lh_to_tdev_base_yes,target_char_len,0.25,1013,1013,0.8874444444444445,popular,negative_related_present,980,0,78,902,0,0.9204081632653062,0.0,0.0,0.07959183673469387,0.9204081632653062,0.0,0.0,0.07959183673469387
lh_to_tdev_base_yes,target_char_len,0.25,1013,1013,0.8874444444444445,adversarial,all,3000,1211,188,1312,289,0.841,0.6835512951402712,0.8073333333333333,0.12533333333333332,0.8746666666666667,0.8656182987848463,0.8354605036219387,0.4663333333333333
lh_to_tdev_base_yes,target_char_len,0.25,1013,1013,0.8874444444444445,adversarial,negative_related_present,1272,0,178,1094,0,0.860062893081761,0.0,0.0,0.139937106918239,0.860062893081761,0.0,0.0,0.139937106918239
lh_alone_base_yes_suppress,target_char_len,0.25,1013,0,1.0,macro,all,9000,2792,244,4256,1708,0.7831111111111111,0.5987971472808666,0.6204444444444445,0.05422222222222222,0.9457777777777778,0.919631093544137,0.740976645435244,0.3373333333333333
lh_alone_base_yes_suppress,target_char_len,0.25,1013,0,1.0,macro,negative_related_present,3092,0,219,2873,0,0.9291720569210866,0.0,0.0,0.07082794307891332,0.9291720569210866,0.0,0.0,0.07082794307891332
lh_alone_base_yes_suppress,target_char_len,0.25,1013,0,1.0,random,all,3000,899,35,1465,601,0.788,0.6219781750826301,0.5993333333333334,0.023333333333333334,0.9766666666666667,0.9625267665952891,0.7387017255546426,0.31133333333333335
lh_alone_base_yes_suppress,target_char_len,0.25,1013,0,1.0,random,negative_related_present,840,0,27,813,0,0.9678571428571429,0.0,0.0,0.03214285714285714,0.9678571428571429,0.0,0.0,0.03214285714285714
lh_alone_base_yes_suppress,target_char_len,0.25,1013,0,1.0,popular,all,3000,947,68,1432,553,0.793,0.6192636645207993,0.6313333333333333,0.04533333333333334,0.9546666666666667,0.9330049261083744,0.7530815109343937,0.3383333333333333
lh_alone_base_yes_suppress,target_char_len,0.25,1013,0,1.0,popular,negative_related_present,980,0,59,921,0,0.939795918367347,0.0,0.0,0.06020408163265306,0.939795918367347,0.0,0.0,0.06020408163265306
lh_alone_base_yes_suppress,target_char_len,0.25,1013,0,1.0,adversarial,all,3000,946,141,1359,554,0.7683333333333333,0.5582434335670029,0.6306666666666667,0.094,0.906,0.8702851885924563,0.7313490529570932,0.36233333333333334
lh_alone_base_yes_suppress,target_char_len,0.25,1013,0,1.0,adversarial,negative_related_present,1272,0,133,1139,0,0.8954402515723271,0.0,0.0,0.10455974842767296,0.8954402515723271,0.0,0.0,0.10455974842767296
lh_to_tdev_all,target_char_len,0.5,4500,4500,0.5,macro,all,9000,3644,298,4202,856,0.8717777777777778,0.7493387890334957,0.8097777777777778,0.06622222222222222,0.9337777777777778,0.9244038559107052,0.863302534944326,0.438
lh_to_tdev_all,target_char_len,0.5,4500,4500,0.5,macro,negative_related_present,3092,0,271,2821,0,0.9123544631306598,0.0,0.0,0.08764553686934023,0.9123544631306598,0.0,0.0,0.08764553686934023
lh_to_tdev_all,target_char_len,0.5,4500,4500,0.5,random,all,3000,1213,39,1461,287,0.8913333333333333,0.7935882305721211,0.8086666666666666,0.026,0.974,0.9688498402555911,0.8815406976744186,0.41733333333333333
lh_to_tdev_all,target_char_len,0.5,4500,4500,0.5,random,negative_related_present,840,0,33,807,0,0.9607142857142857,0.0,0.0,0.039285714285714285,0.9607142857142857,0.0,0.0,0.039285714285714285
lh_to_tdev_all,target_char_len,0.5,4500,4500,0.5,popular,all,3000,1216,79,1421,284,0.879,0.7651796101716358,0.8106666666666666,0.05266666666666667,0.9473333333333334,0.938996138996139,0.8701252236135957,0.43166666666666664
lh_to_tdev_all,target_char_len,0.5,4500,4500,0.5,popular,negative_related_present,980,0,68,912,0,0.9306122448979591,0.0,0.0,0.06938775510204082,0.9306122448979591,0.0,0.0,0.06938775510204082
lh_to_tdev_all,target_char_len,0.5,4500,4500,0.5,adversarial,all,3000,1215,180,1320,285,0.845,0.691696738064813,0.81,0.12,0.88,0.8709677419354839,0.8393782383419689,0.465
lh_to_tdev_all,target_char_len,0.5,4500,4500,0.5,adversarial,negative_related_present,1272,0,170,1102,0,0.8663522012578616,0.0,0.0,0.13364779874213836,0.8663522012578616,0.0,0.0,0.13364779874213836
lh_to_tdev_base_yes,target_char_len,0.5,2025,2025,0.775,macro,all,9000,3610,296,4204,890,0.8682222222222222,0.7429454277350392,0.8022222222222222,0.06577777777777778,0.9342222222222222,0.9242191500256016,0.8589103021651202,0.434
lh_to_tdev_base_yes,target_char_len,0.5,2025,2025,0.775,macro,negative_related_present,3092,0,270,2822,0,0.9126778783958602,0.0,0.0,0.08732212160413971,0.9126778783958602,0.0,0.0,0.08732212160413971
lh_to_tdev_base_yes,target_char_len,0.5,2025,2025,0.775,random,all,3000,1199,38,1462,301,0.887,0.7861785922990358,0.7993333333333333,0.025333333333333333,0.9746666666666667,0.9692805173807599,0.8761417610522471,0.41233333333333333
lh_to_tdev_base_yes,target_char_len,0.5,2025,2025,0.775,random,negative_related_present,840,0,33,807,0,0.9607142857142857,0.0,0.0,0.039285714285714285,0.9607142857142857,0.0,0.0,0.039285714285714285
lh_to_tdev_base_yes,target_char_len,0.5,2025,2025,0.775,popular,all,3000,1206,79,1421,294,0.8756666666666667,0.759172188934343,0.804,0.05266666666666667,0.9473333333333334,0.9385214007782101,0.866068222621185,0.42833333333333334
lh_to_tdev_base_yes,target_char_len,0.5,2025,2025,0.775,popular,negative_related_present,980,0,68,912,0,0.9306122448979591,0.0,0.0,0.06938775510204082,0.9306122448979591,0.0,0.0,0.06938775510204082
lh_to_tdev_base_yes,target_char_len,0.5,2025,2025,0.775,adversarial,all,3000,1205,179,1321,295,0.842,0.686054531866663,0.8033333333333333,0.11933333333333333,0.8806666666666667,0.8706647398843931,0.8356449375866852,0.4613333333333333
lh_to_tdev_base_yes,target_char_len,0.5,2025,2025,0.775,adversarial,negative_related_present,1272,0,169,1103,0,0.8671383647798742,0.0,0.0,0.13286163522012578,0.8671383647798742,0.0,0.0,0.13286163522012578
lh_alone_base_yes_suppress,target_char_len,0.5,2025,0,1.0,macro,all,9000,1855,169,4331,2645,0.6873333333333334,0.44869277893333437,0.4122222222222222,0.03755555555555556,0.9624444444444444,0.916501976284585,0.5686695278969957,0.2248888888888889
lh_alone_base_yes_suppress,target_char_len,0.5,2025,0,1.0,macro,negative_related_present,3092,0,149,2943,0,0.9518111254851229,0.0,0.0,0.0481888745148771,0.9518111254851229,0.0,0.0,0.0481888745148771
lh_alone_base_yes_suppress,target_char_len,0.5,2025,0,1.0,random,all,3000,342,23,1477,1158,0.6063333333333333,0.32527743830256706,0.228,0.015333333333333332,0.9846666666666667,0.936986301369863,0.36675603217158176,0.12166666666666667
lh_alone_base_yes_suppress,target_char_len,0.5,2025,0,1.0,random,negative_related_present,840,0,19,821,0,0.9773809523809524,0.0,0.0,0.02261904761904762,0.9773809523809524,0.0,0.0,0.02261904761904762
lh_alone_base_yes_suppress,target_char_len,0.5,2025,0,1.0,popular,all,3000,757,43,1457,743,0.738,0.5381977500713081,0.5046666666666667,0.028666666666666667,0.9713333333333334,0.94625,0.6582608695652176,0.26666666666666666
lh_alone_base_yes_suppress,target_char_len,0.5,2025,0,1.0,popular,negative_related_present,980,0,35,945,0,0.9642857142857143,0.0,0.0,0.03571428571428571,0.9642857142857143,0.0,0.0,0.03571428571428571
lh_alone_base_yes_suppress,target_char_len,0.5,2025,0,1.0,adversarial,all,3000,756,103,1397,744,0.7176666666666667,0.4815132759726611,0.504,0.06866666666666667,0.9313333333333333,0.880093131548312,0.6409495548961425,0.28633333333333333
lh_alone_base_yes_suppress,target_char_len,0.5,2025,0,1.0,adversarial,negative_related_present,1272,0,95,1177,0,0.925314465408805,0.0,0.0,0.07468553459119497,0.925314465408805,0.0,0.0,0.07468553459119497
lh_to_tdev_all,target_char_len,0.75,6750,6750,0.25,macro,all,9000,3629,267,4233,871,0.8735555555555555,0.7539332589111115,0.8064444444444444,0.059333333333333335,0.9406666666666667,0.9314681724845996,0.864459266317294,0.4328888888888889
lh_to_tdev_all,target_char_len,0.75,6750,6750,0.25,macro,negative_related_present,3092,0,247,2845,0,0.9201164294954722,0.0,0.0,0.07988357050452781,0.9201164294954722,0.0,0.0,0.07988357050452781
lh_to_tdev_all,target_char_len,0.75,6750,6750,0.25,random,all,3000,1212,37,1463,288,0.8916666666666667,0.7945359903763969,0.808,0.024666666666666667,0.9753333333333334,0.9703763010408326,0.8817751909785376,0.41633333333333333
lh_to_tdev_all,target_char_len,0.75,6750,6750,0.25,random,negative_related_present,840,0,32,808,0,0.9619047619047619,0.0,0.0,0.0380952380952381,0.9619047619047619,0.0,0.0,0.0380952380952381
lh_to_tdev_all,target_char_len,0.75,6750,6750,0.25,popular,all,3000,1209,70,1430,291,0.8796666666666667,0.7677114477976542,0.806,0.04666666666666667,0.9533333333333334,0.9452697419859265,0.8700971572508096,0.42633333333333334
lh_to_tdev_all,target_char_len,0.75,6750,6750,0.25,popular,negative_related_present,980,0,62,918,0,0.936734693877551,0.0,0.0,0.06326530612244897,0.936734693877551,0.0,0.0,0.06326530612244897
lh_to_tdev_all,target_char_len,0.75,6750,6750,0.25,adversarial,all,3000,1208,160,1340,292,0.8493333333333334,0.7013877181051988,0.8053333333333333,0.10666666666666667,0.8933333333333333,0.8830409356725146,0.8423988842398884,0.456
lh_to_tdev_all,target_char_len,0.75,6750,6750,0.25,adversarial,negative_related_present,1272,0,153,1119,0,0.8797169811320755,0.0,0.0,0.12028301886792453,0.8797169811320755,0.0,0.0,0.12028301886792453
lh_to_tdev_base_yes,target_char_len,0.75,3037,3037,0.6625555555555556,macro,all,9000,3594,271,4229,906,0.8692222222222222,0.7459081771104614,0.7986666666666666,0.060222222222222226,0.9397777777777778,0.9298835705045279,0.8592946802151823,0.42944444444444446
lh_to_tdev_base_yes,target_char_len,0.75,3037,3037,0.6625555555555556,macro,negative_related_present,3092,0,251,2841,0,0.9188227684346701,0.0,0.0,0.08117723156532988,0.9188227684346701,0.0,0.0,0.08117723156532988
lh_to_tdev_base_yes,target_char_len,0.75,3037,3037,0.6625555555555556,random,all,3000,1198,38,1462,302,0.8866666666666667,0.7855963616985073,0.7986666666666666,0.025333333333333333,0.9746666666666667,0.9692556634304207,0.8757309941520467,0.412
lh_to_tdev_base_yes,target_char_len,0.75,3037,3037,0.6625555555555556,random,negative_related_present,840,0,33,807,0,0.9607142857142857,0.0,0.0,0.039285714285714285,0.9607142857142857,0.0,0.0,0.039285714285714285
lh_to_tdev_base_yes,target_char_len,0.75,3037,3037,0.6625555555555556,popular,all,3000,1198,70,1430,302,0.876,0.7611592491514695,0.7986666666666666,0.04666666666666667,0.9533333333333334,0.944794952681388,0.865606936416185,0.4226666666666667
lh_to_tdev_base_yes,target_char_len,0.75,3037,3037,0.6625555555555556,popular,negative_related_present,980,0,62,918,0,0.936734693877551,0.0,0.0,0.06326530612244897,0.936734693877551,0.0,0.0,0.06326530612244897
lh_to_tdev_base_yes,target_char_len,0.75,3037,3037,0.6625555555555556,adversarial,all,3000,1198,163,1337,302,0.845,0.6929817707320438,0.7986666666666666,0.10866666666666666,0.8913333333333333,0.8802351212343865,0.8374694162880113,0.45366666666666666
lh_to_tdev_base_yes,target_char_len,0.75,3037,3037,0.6625555555555556,adversarial,negative_related_present,1272,0,156,1116,0,0.8773584905660378,0.0,0.0,0.12264150943396226,0.8773584905660378,0.0,0.0,0.12264150943396226
lh_alone_base_yes_suppress,target_char_len,0.75,3037,0,1.0,macro,all,9000,898,114,4386,3602,0.5871111111111111,0.275744448934658,0.19955555555555557,0.025333333333333333,0.9746666666666667,0.8873517786561265,0.3258345428156749,0.11244444444444444
lh_alone_base_yes_suppress,target_char_len,0.75,3037,0,1.0,macro,negative_related_present,3092,0,106,2986,0,0.9657179818887451,0.0,0.0,0.03428201811125485,0.9657179818887451,0.0,0.0,0.03428201811125485
lh_alone_base_yes_suppress,target_char_len,0.75,3037,0,1.0,random,all,3000,284,21,1479,1216,0.5876666666666667,0.2900857825640202,0.18933333333333333,0.014,0.986,0.9311475409836065,0.3146814404432133,0.10166666666666667
lh_alone_base_yes_suppress,target_char_len,0.75,3037,0,1.0,random,negative_related_present,840,0,18,822,0,0.9785714285714285,0.0,0.0,0.02142857142857143,0.9785714285714285,0.0,0.0,0.02142857142857143
lh_alone_base_yes_suppress,target_char_len,0.75,3037,0,1.0,popular,all,3000,284,21,1479,1216,0.5876666666666667,0.2900857825640202,0.18933333333333333,0.014,0.986,0.9311475409836065,0.3146814404432133,0.10166666666666667
lh_alone_base_yes_suppress,target_char_len,0.75,3037,0,1.0,popular,negative_related_present,980,0,19,961,0,0.9806122448979592,0.0,0.0,0.019387755102040816,0.9806122448979592,0.0,0.0,0.019387755102040816
lh_alone_base_yes_suppress,target_char_len,0.75,3037,0,1.0,adversarial,all,3000,330,72,1428,1170,0.586,0.25245681918921153,0.22,0.048,0.952,0.8208955223880597,0.34700315457413244,0.134
lh_alone_base_yes_suppress,target_char_len,0.75,3037,0,1.0,adversarial,negative_related_present,1272,0,69,1203,0,0.9457547169811321,0.0,0.0,0.054245283018867926,0.9457547169811321,0.0,0.0,0.054245283018867926
